log_id,timestamp,source,event_id,item,category,confidence,weight_lbs,contamination_flag
WST-0001,2026-03-31T18:39:00,Cafeteria Bin 1,EVT-022,milk carton,recycling,0.989,0.44,0
WST-0002,2026-04-02T18:51:00,Event Cleanup,EVT-024,salad leftovers,compost,0.742,0.85,1
WST-0003,2026-06-04T05:50:00,Cafeteria Bin 2,EVT-024,unopened granola bar,unopened_food,0.832,0.38,0
WST-0004,2026-03-26T06:26:00,Cafeteria Bin 1,EVT-022,salad leftovers,compost,0.99,0.98,0
WST-0005,2026-03-13T19:51:00,Compost AI Demo Bin,EVT-020,pizza crust,compost,0.619,0.11,0
WST-0006,2026-06-04T03:23:00,Cafeteria Bin 1,EVT-036,salad leftovers,compost,0.903,0.74,0
WST-0007,2026-04-13T03:39:00,Cafeteria Bin 2,EVT-011,paper tray,compost,0.778,0.17,0
WST-0008,2026-04-21T12:08:00,Cafeteria Bin 1,EVT-022,plastic wrapper,landfill,0.446,1.53,1
WST-0009,2026-05-02T08:06:00,Compost AI Demo Bin,EVT-028,apple cores,compost,0.648,0.32,0
WST-0010,2026-03-18T14:19:00,Compost AI Demo Bin,EVT-001,milk carton,recycling,0.878,1.19,0
WST-0011,2026-03-06T06:46:00,Cafeteria Bin 2,EVT-020,foil pouch,landfill,0.819,0.26,0
WST-0012,2026-05-06T02:44:00,Compost AI Demo Bin,EVT-037,water bottle,recycling,0.869,0.86,0
WST-0013,2026-05-23T19:27:00,Cafeteria Bin 2,EVT-024,water bottle,recycling,0.548,0.09,0
WST-0014,2026-05-26T15:07:00,Event Cleanup,EVT-028,unopened granola bar,unopened_food,0.674,1.19,0
WST-0015,2026-03-21T15:03:00,Event Cleanup,EVT-014,pizza crust,compost,0.83,1.28,1
WST-0016,2026-05-03T07:25:00,Cafeteria Bin 1,EVT-037,paper tray,compost,0.732,0.43,0
WST-0017,2026-05-17T07:01:00,Cafeteria Bin 2,EVT-035,unopened granola bar,unopened_food,0.832,0.19,0
WST-0018,2026-05-04T13:44:00,Cafeteria Bin 2,EVT-025,apple cores,compost,0.859,0.47,0
WST-0019,2026-06-02T11:24:00,Event Cleanup,EVT-019,apple cores,compost,0.89,0.29,0
WST-0020,2026-05-08T03:15:00,Cafeteria Bin 1,EVT-025,apple cores,compost,0.791,0.93,1
WST-0021,2026-04-17T03:09:00,Cafeteria Bin 1,EVT-008,paper tray,compost,0.796,0.2,0
WST-0022,2026-03-20T10:23:00,Cafeteria Bin 1,EVT-026,milk carton,recycling,0.99,0.61,1
WST-0023,2026-03-04T18:34:00,Cafeteria Bin 1,EVT-006,unopened granola bar,unopened_food,0.99,0.2,0
WST-0024,2026-04-03T14:25:00,Cafeteria Bin 1,EVT-011,apple cores,compost,0.762,0.92,0
WST-0025,2026-04-27T21:53:00,Cafeteria Bin 2,EVT-031,water bottle,recycling,0.646,0.24,0
WST-0026,2026-05-17T19:35:00,Compost AI Demo Bin,,pizza crust,compost,0.945,0.05,0
WST-0027,2026-05-25T04:22:00,Cafeteria Bin 1,EVT-016,plastic wrapper,landfill,0.835,1.62,0
WST-0028,2026-05-22T10:37:00,Compost AI Demo Bin,EVT-016,plastic wrapper,landfill,0.871,0.92,0
WST-0029,2026-06-01T06:59:00,Event Cleanup,EVT-012,plastic wrapper,landfill,0.569,1.58,0
WST-0030,2026-04-22T12:19:00,Cafeteria Bin 1,EVT-008,milk carton,recycling,0.768,0.33,0
WST-0031,2026-04-20T00:03:00,Cafeteria Bin 1,,apple cores,compost,0.506,1.18,0
WST-0032,2026-03-15T06:48:00,Cafeteria Bin 1,EVT-025,unopened granola bar,unopened_food,0.824,0.55,0
WST-0033,2026-06-04T15:32:00,Event Cleanup,EVT-028,salad leftovers,compost,0.525,0.24,0
WST-0034,2026-06-06T05:00:00,Cafeteria Bin 2,EVT-019,apple cores,compost,0.822,0.56,0
WST-0035,2026-05-16T12:11:00,Compost AI Demo Bin,EVT-026,plastic wrapper,landfill,0.781,0.45,0
WST-0036,2026-03-17T22:25:00,Cafeteria Bin 1,EVT-033,foil pouch,landfill,0.73,0.06,0
WST-0037,2026-03-10T17:50:00,Compost AI Demo Bin,EVT-026,paper tray,compost,0.799,0.66,0
WST-0038,2026-04-28T16:45:00,Compost AI Demo Bin,EVT-033,water bottle,recycling,0.95,1.33,0
WST-0039,2026-04-17T02:10:00,Cafeteria Bin 2,EVT-001,foil pouch,landfill,0.833,0.2,0
WST-0040,2026-04-29T22:24:00,Cafeteria Bin 1,EVT-028,foil pouch,landfill,0.798,1.34,0
WST-0041,2026-05-17T18:19:00,Cafeteria Bin 1,EVT-007,plastic wrapper,landfill,0.99,1.51,0
WST-0042,2026-05-18T15:34:00,Cafeteria Bin 2,EVT-008,plastic wrapper,landfill,0.617,0.34,0
WST-0043,2026-05-04T16:15:00,Cafeteria Bin 2,EVT-008,unopened granola bar,unopened_food,0.883,1.2,0
WST-0044,2026-04-16T03:59:00,Event Cleanup,EVT-022,unopened granola bar,unopened_food,0.711,0.31,0
WST-0045,2026-04-22T17:24:00,Cafeteria Bin 1,EVT-015,salad leftovers,compost,0.949,0.05,0
WST-0046,2026-06-01T07:37:00,Event Cleanup,EVT-035,foil pouch,landfill,0.922,0.38,0
WST-0047,2026-05-27T01:02:00,Compost AI Demo Bin,EVT-014,water bottle,recycling,0.99,0.46,0
WST-0048,2026-06-02T23:07:00,Cafeteria Bin 1,EVT-025,paper tray,compost,0.937,0.57,0
WST-0049,2026-05-02T10:53:00,Event Cleanup,EVT-036,pizza crust,compost,0.507,0.41,0
WST-0050,2026-05-12T03:37:00,Event Cleanup,EVT-025,plastic wrapper,landfill,0.779,0.6,0
WST-0051,2026-03-05T12:20:00,Event Cleanup,EVT-012,paper tray,compost,0.571,0.74,0
WST-0052,2026-06-07T08:02:00,Cafeteria Bin 2,EVT-006,plastic wrapper,landfill,0.604,0.65,0
WST-0053,2026-04-10T08:35:00,Cafeteria Bin 1,EVT-011,pizza crust,compost,0.77,0.91,0
WST-0054,2026-05-06T10:43:00,Compost AI Demo Bin,EVT-006,plastic wrapper,landfill,0.709,0.27,0
WST-0055,2026-03-07T15:58:00,Cafeteria Bin 1,EVT-024,apple cores,compost,0.695,0.19,0
WST-0056,2026-04-28T19:04:00,Event Cleanup,EVT-031,plastic wrapper,landfill,0.551,0.36,0
WST-0057,2026-04-14T12:15:00,Event Cleanup,EVT-022,apple cores,compost,0.99,0.44,0
WST-0058,2026-05-26T10:54:00,Event Cleanup,EVT-012,plastic wrapper,landfill,0.862,1.08,0
WST-0059,2026-05-06T20:15:00,Compost AI Demo Bin,EVT-006,apple cores,compost,0.762,0.35,0
WST-0060,2026-05-29T17:10:00,Cafeteria Bin 2,EVT-015,foil pouch,landfill,0.662,0.69,0
WST-0061,2026-03-14T01:04:00,Cafeteria Bin 1,EVT-006,milk carton,recycling,0.736,0.05,0
WST-0062,2026-03-02T09:27:00,Cafeteria Bin 1,EVT-036,milk carton,recycling,0.68,0.69,0
WST-0063,2026-05-03T02:19:00,Cafeteria Bin 1,EVT-031,unopened granola bar,unopened_food,0.83,0.16,0
WST-0064,2026-04-21T03:36:00,Compost AI Demo Bin,EVT-024,unopened granola bar,unopened_food,0.793,0.06,0
WST-0065,2026-05-08T23:38:00,Cafeteria Bin 1,EVT-016,foil pouch,landfill,0.813,0.36,0
WST-0066,2026-03-03T23:41:00,Event Cleanup,EVT-007,pizza crust,compost,0.772,0.23,0
WST-0067,2026-03-11T17:48:00,Compost AI Demo Bin,EVT-016,paper tray,compost,0.607,0.52,0
WST-0068,2026-03-20T14:47:00,Cafeteria Bin 2,EVT-012,unopened granola bar,unopened_food,0.926,0.43,0
WST-0069,2026-05-03T02:01:00,Event Cleanup,EVT-014,unopened granola bar,unopened_food,0.99,2.13,0
WST-0070,2026-03-11T03:55:00,Cafeteria Bin 1,EVT-035,water bottle,recycling,0.942,0.14,0
WST-0071,2026-03-02T07:52:00,Cafeteria Bin 2,EVT-031,water bottle,recycling,0.75,1.22,0
WST-0072,2026-03-07T23:39:00,Event Cleanup,EVT-019,salad leftovers,compost,0.57,0.09,0
WST-0073,2026-03-29T00:59:00,Compost AI Demo Bin,EVT-025,unopened granola bar,unopened_food,0.87,0.28,0
WST-0074,2026-04-18T22:30:00,Compost AI Demo Bin,EVT-001,milk carton,recycling,0.68,0.24,0
WST-0075,2026-05-24T08:45:00,Cafeteria Bin 1,EVT-020,foil pouch,landfill,0.642,0.75,0
WST-0076,2026-03-30T17:31:00,Cafeteria Bin 1,EVT-006,apple cores,compost,0.842,0.4,0
WST-0077,2026-05-19T20:18:00,Cafeteria Bin 2,EVT-016,foil pouch,landfill,0.688,0.79,0
WST-0078,2026-03-21T09:40:00,Compost AI Demo Bin,,paper tray,compost,0.865,0.52,0
WST-0079,2026-05-07T04:08:00,Cafeteria Bin 1,EVT-019,unopened granola bar,unopened_food,0.513,0.67,0
WST-0080,2026-03-08T03:10:00,Compost AI Demo Bin,EVT-012,plastic wrapper,landfill,0.69,0.15,0
WST-0081,2026-03-18T08:26:00,Cafeteria Bin 1,EVT-016,plastic wrapper,landfill,0.52,0.45,0
WST-0082,2026-04-17T03:18:00,Cafeteria Bin 1,EVT-031,salad leftovers,compost,0.536,0.81,0
WST-0083,2026-04-17T20:17:00,Cafeteria Bin 1,EVT-033,foil pouch,landfill,0.769,0.11,0
WST-0084,2026-04-04T08:15:00,Compost AI Demo Bin,EVT-016,apple cores,compost,0.756,0.29,1
WST-0085,2026-06-02T05:16:00,Event Cleanup,EVT-021,plastic wrapper,landfill,0.941,0.25,0
WST-0086,2026-04-07T00:58:00,Event Cleanup,EVT-020,foil pouch,landfill,0.957,0.8,0
WST-0087,2026-03-12T22:09:00,Cafeteria Bin 2,EVT-020,paper tray,compost,0.385,0.19,1
WST-0088,2026-04-13T08:48:00,Cafeteria Bin 1,EVT-015,pizza crust,compost,0.807,0.47,1
WST-0089,2026-03-04T21:50:00,Cafeteria Bin 2,,pizza crust,compost,0.794,0.37,0
WST-0090,2026-03-14T08:27:00,Compost AI Demo Bin,EVT-015,paper tray,compost,0.761,0.48,1
WST-0091,2026-03-07T01:07:00,Event Cleanup,EVT-028,plastic wrapper,landfill,0.702,0.29,0
WST-0092,2026-05-26T10:33:00,Event Cleanup,EVT-031,milk carton,recycling,0.867,0.96,1
WST-0093,2026-04-26T22:19:00,Cafeteria Bin 2,EVT-024,paper tray,compost,0.919,0.32,0
WST-0094,2026-05-11T09:03:00,Cafeteria Bin 2,EVT-022,plastic wrapper,landfill,0.74,1.15,0
WST-0095,2026-04-22T03:42:00,Event Cleanup,EVT-019,paper tray,compost,0.481,0.31,0
WST-0096,2026-04-04T04:50:00,Compost AI Demo Bin,EVT-026,unopened granola bar,unopened_food,0.527,0.44,0
WST-0097,2026-04-12T10:44:00,Cafeteria Bin 2,EVT-006,pizza crust,compost,0.913,0.17,0
WST-0098,2026-03-20T13:42:00,Cafeteria Bin 2,EVT-015,salad leftovers,compost,0.826,0.08,0
WST-0099,2026-03-14T09:12:00,Event Cleanup,EVT-008,salad leftovers,compost,0.963,0.66,1
WST-0100,2026-03-18T06:39:00,Event Cleanup,EVT-007,milk carton,recycling,0.98,0.5,0
WST-0101,2026-04-14T17:26:00,Cafeteria Bin 1,EVT-026,salad leftovers,compost,0.82,0.13,0
WST-0102,2026-05-25T21:27:00,Event Cleanup,EVT-015,plastic wrapper,landfill,0.649,0.46,0
WST-0103,2026-03-04T11:28:00,Cafeteria Bin 1,EVT-033,milk carton,recycling,0.704,0.31,0
WST-0104,2026-05-03T22:43:00,Cafeteria Bin 1,EVT-014,salad leftovers,compost,0.913,0.34,1
WST-0105,2026-03-28T12:18:00,Event Cleanup,EVT-012,foil pouch,landfill,0.623,0.29,0
WST-0106,2026-04-05T23:56:00,Compost AI Demo Bin,EVT-033,milk carton,recycling,0.692,0.86,0
WST-0107,2026-05-01T08:38:00,Event Cleanup,EVT-016,foil pouch,landfill,0.99,0.06,0
WST-0108,2026-05-15T08:22:00,Cafeteria Bin 1,EVT-012,paper tray,compost,0.825,0.05,0
WST-0109,2026-03-07T01:39:00,Compost AI Demo Bin,,paper tray,compost,0.99,0.5,0
WST-0110,2026-05-05T04:37:00,Compost AI Demo Bin,EVT-012,paper tray,compost,0.99,0.47,0
WST-0111,2026-06-03T22:55:00,Compost AI Demo Bin,EVT-024,water bottle,recycling,0.896,0.52,0
WST-0112,2026-05-03T15:47:00,Cafeteria Bin 2,EVT-007,salad leftovers,compost,0.851,1.63,0
WST-0113,2026-04-07T22:17:00,Compost AI Demo Bin,,salad leftovers,compost,0.99,0.5,0
WST-0114,2026-03-03T08:40:00,Cafeteria Bin 1,EVT-006,pizza crust,compost,0.796,0.15,0
WST-0115,2026-04-02T12:05:00,Cafeteria Bin 2,EVT-036,milk carton,recycling,0.76,2.32,0
WST-0116,2026-06-05T14:49:00,Cafeteria Bin 1,EVT-014,paper tray,compost,0.864,0.37,1
WST-0117,2026-03-19T21:34:00,Event Cleanup,EVT-006,plastic wrapper,landfill,0.712,0.85,0
WST-0118,2026-03-19T13:33:00,Cafeteria Bin 2,EVT-024,apple cores,compost,0.409,0.1,1
WST-0119,2026-04-07T06:52:00,Cafeteria Bin 1,EVT-019,pizza crust,compost,0.573,0.07,0
WST-0120,2026-03-28T04:29:00,Event Cleanup,EVT-008,paper tray,compost,0.738,0.34,0
WST-0121,2026-06-04T23:13:00,Event Cleanup,EVT-025,plastic wrapper,landfill,0.736,0.82,0
WST-0122,2026-04-03T09:07:00,Cafeteria Bin 2,EVT-006,water bottle,recycling,0.755,1.6,0
WST-0123,2026-03-20T23:24:00,Cafeteria Bin 2,EVT-011,water bottle,recycling,0.96,0.15,0
WST-0124,2026-05-03T20:11:00,Event Cleanup,EVT-014,pizza crust,compost,0.863,0.34,0
WST-0125,2026-04-13T10:27:00,Event Cleanup,EVT-026,paper tray,compost,0.603,0.43,0
WST-0126,2026-06-02T17:18:00,Cafeteria Bin 1,EVT-031,salad leftovers,compost,0.805,0.44,0
WST-0127,2026-06-01T06:35:00,Cafeteria Bin 1,EVT-033,foil pouch,landfill,0.776,0.39,0
WST-0128,2026-05-27T22:29:00,Cafeteria Bin 2,EVT-006,unopened granola bar,unopened_food,0.805,0.42,0
WST-0129,2026-03-17T04:57:00,Event Cleanup,,pizza crust,compost,0.693,1.21,0
WST-0130,2026-03-27T13:27:00,Cafeteria Bin 2,EVT-033,milk carton,recycling,0.355,1.11,1
WST-0131,2026-04-22T09:14:00,Cafeteria Bin 1,EVT-019,paper tray,compost,0.448,0.55,1
WST-0132,2026-03-06T09:29:00,Compost AI Demo Bin,EVT-022,unopened granola bar,unopened_food,0.739,0.09,0
WST-0133,2026-03-21T18:51:00,Compost AI Demo Bin,EVT-025,salad leftovers,compost,0.656,0.31,0
WST-0134,2026-03-16T00:32:00,Event Cleanup,,water bottle,recycling,0.769,0.9,1
WST-0135,2026-03-17T18:09:00,Cafeteria Bin 2,EVT-008,milk carton,recycling,0.983,0.21,0
WST-0136,2026-05-23T09:57:00,Event Cleanup,EVT-014,foil pouch,landfill,0.663,0.26,0
WST-0137,2026-05-07T04:36:00,Compost AI Demo Bin,EVT-011,salad leftovers,compost,0.858,0.31,0
WST-0138,2026-05-01T09:18:00,Cafeteria Bin 2,EVT-020,foil pouch,landfill,0.743,0.76,0
WST-0139,2026-04-10T23:51:00,Event Cleanup,EVT-020,plastic wrapper,landfill,0.851,1.42,0
WST-0140,2026-05-21T15:35:00,Cafeteria Bin 2,EVT-028,plastic wrapper,landfill,0.619,0.7,0
WST-0141,2026-05-06T07:22:00,Compost AI Demo Bin,EVT-014,foil pouch,landfill,0.73,0.06,0
WST-0142,2026-04-14T04:05:00,Cafeteria Bin 1,,milk carton,recycling,0.99,0.26,1
WST-0143,2026-05-02T15:03:00,Cafeteria Bin 2,EVT-037,milk carton,recycling,0.948,1.16,0
WST-0144,2026-03-25T21:26:00,Event Cleanup,EVT-026,unopened granola bar,unopened_food,0.5,0.1,0
WST-0145,2026-05-12T22:44:00,Compost AI Demo Bin,EVT-022,water bottle,recycling,0.99,0.25,0
WST-0146,2026-05-03T02:19:00,Event Cleanup,EVT-024,plastic wrapper,landfill,0.935,0.42,0
WST-0147,2026-04-01T03:48:00,Cafeteria Bin 1,EVT-024,foil pouch,landfill,0.722,0.41,0
WST-0148,2026-05-12T19:05:00,Cafeteria Bin 2,EVT-037,milk carton,recycling,0.99,0.74,1
WST-0149,2026-03-04T22:42:00,Event Cleanup,EVT-008,water bottle,recycling,0.807,0.36,0
WST-0150,2026-05-19T07:09:00,Cafeteria Bin 2,EVT-006,foil pouch,landfill,0.574,0.47,0
WST-0151,2026-03-30T03:35:00,Cafeteria Bin 2,EVT-036,foil pouch,landfill,0.811,0.15,0
WST-0152,2026-03-25T09:23:00,Cafeteria Bin 1,EVT-012,foil pouch,landfill,0.99,0.77,0
WST-0153,2026-06-07T05:27:00,Compost AI Demo Bin,EVT-019,water bottle,recycling,0.821,0.93,0
WST-0154,2026-05-29T00:54:00,Cafeteria Bin 2,EVT-011,salad leftovers,compost,0.619,0.66,0
WST-0155,2026-03-01T20:44:00,Cafeteria Bin 1,EVT-033,water bottle,recycling,0.485,0.1,0
WST-0156,2026-05-11T22:21:00,Compost AI Demo Bin,EVT-037,milk carton,recycling,0.724,0.51,0
WST-0157,2026-03-16T17:49:00,Event Cleanup,EVT-024,milk carton,recycling,0.682,0.09,0
WST-0158,2026-05-22T23:52:00,Event Cleanup,EVT-014,milk carton,recycling,0.99,0.17,0
WST-0159,2026-03-17T08:00:00,Cafeteria Bin 2,EVT-037,paper tray,compost,0.628,2.43,0
WST-0160,2026-05-19T17:36:00,Compost AI Demo Bin,EVT-024,salad leftovers,compost,0.795,0.5,0
WST-0161,2026-04-27T21:11:00,Cafeteria Bin 1,EVT-020,pizza crust,compost,0.688,0.48,0
WST-0162,2026-05-10T17:56:00,Cafeteria Bin 1,EVT-011,milk carton,recycling,0.51,0.93,0
WST-0163,2026-04-06T02:17:00,Compost AI Demo Bin,EVT-022,apple cores,compost,0.774,1.53,0
WST-0164,2026-06-02T09:32:00,Cafeteria Bin 1,EVT-025,apple cores,compost,0.531,0.29,0
WST-0165,2026-05-05T21:20:00,Compost AI Demo Bin,EVT-033,apple cores,compost,0.881,0.92,1
WST-0166,2026-05-02T11:04:00,Event Cleanup,EVT-019,salad leftovers,compost,0.498,1.03,0
WST-0167,2026-03-01T20:03:00,Event Cleanup,EVT-014,water bottle,recycling,0.768,0.71,0
WST-0168,2026-03-06T10:07:00,Compost AI Demo Bin,EVT-031,pizza crust,compost,0.95,0.48,0
WST-0169,2026-04-20T14:04:00,Event Cleanup,EVT-019,plastic wrapper,landfill,0.87,0.99,0
WST-0170,2026-03-23T17:07:00,Compost AI Demo Bin,EVT-022,paper tray,compost,0.707,0.72,0
WST-0171,2026-03-16T09:49:00,Cafeteria Bin 2,EVT-008,pizza crust,compost,0.849,0.52,0
WST-0172,2026-03-29T22:13:00,Event Cleanup,EVT-019,unopened granola bar,unopened_food,0.911,0.48,0
WST-0173,2026-05-27T23:30:00,Event Cleanup,EVT-021,salad leftovers,compost,0.607,0.97,0
WST-0174,2026-04-19T08:54:00,Cafeteria Bin 2,EVT-012,milk carton,recycling,0.961,0.4,0
WST-0175,2026-05-13T09:46:00,Cafeteria Bin 1,EVT-011,plastic wrapper,landfill,0.93,0.26,0
WST-0176,2026-03-05T15:04:00,Compost AI Demo Bin,EVT-014,paper tray,compost,0.555,0.65,0
WST-0177,2026-05-29T12:17:00,Event Cleanup,EVT-006,water bottle,recycling,0.816,0.27,0
WST-0178,2026-05-19T02:34:00,Cafeteria Bin 1,EVT-008,unopened granola bar,unopened_food,0.738,0.48,0
WST-0179,2026-04-25T15:37:00,Cafeteria Bin 2,EVT-011,paper tray,compost,0.99,0.51,0
WST-0180,2026-03-12T17:12:00,Compost AI Demo Bin,EVT-036,unopened granola bar,unopened_food,0.919,0.55,0
WST-0181,2026-05-23T19:45:00,Compost AI Demo Bin,EVT-007,plastic wrapper,landfill,0.793,0.98,0
WST-0182,2026-04-30T01:47:00,Cafeteria Bin 1,EVT-031,salad leftovers,compost,0.976,0.22,0
WST-0183,2026-05-13T07:15:00,Cafeteria Bin 1,EVT-011,unopened granola bar,unopened_food,0.99,0.31,0
WST-0184,2026-04-15T23:04:00,Cafeteria Bin 2,EVT-016,unopened granola bar,unopened_food,0.511,0.05,0
WST-0185,2026-04-26T18:39:00,Cafeteria Bin 1,EVT-016,plastic wrapper,landfill,0.713,0.33,0
WST-0186,2026-03-01T09:59:00,Cafeteria Bin 1,EVT-033,foil pouch,landfill,0.619,0.14,0
WST-0187,2026-04-19T11:45:00,Cafeteria Bin 1,EVT-001,plastic wrapper,landfill,0.774,0.53,0
WST-0188,2026-04-17T13:26:00,Cafeteria Bin 2,EVT-011,foil pouch,landfill,0.609,0.75,0
WST-0189,2026-03-29T22:48:00,Cafeteria Bin 2,EVT-033,milk carton,recycling,0.937,0.35,0
WST-0190,2026-04-13T16:56:00,Cafeteria Bin 1,EVT-028,plastic wrapper,landfill,0.99,0.22,0
WST-0191,2026-05-01T06:18:00,Cafeteria Bin 1,EVT-028,salad leftovers,compost,0.807,0.65,0
WST-0192,2026-03-01T00:55:00,Event Cleanup,EVT-006,plastic wrapper,landfill,0.529,0.46,0
WST-0193,2026-04-14T20:02:00,Cafeteria Bin 1,EVT-024,water bottle,recycling,0.68,0.25,0
WST-0194,2026-03-19T10:24:00,Cafeteria Bin 2,EVT-022,plastic wrapper,landfill,0.701,0.37,0
WST-0195,2026-03-01T19:48:00,Cafeteria Bin 1,EVT-022,paper tray,compost,0.99,0.25,0
WST-0196,2026-05-08T07:15:00,Compost AI Demo Bin,EVT-015,foil pouch,landfill,0.835,0.3,0
WST-0197,2026-03-27T01:03:00,Cafeteria Bin 2,EVT-016,apple cores,compost,0.812,0.07,0
WST-0198,2026-04-01T21:44:00,Compost AI Demo Bin,EVT-022,pizza crust,compost,0.646,0.5,0
WST-0199,2026-03-17T20:04:00,Event Cleanup,EVT-011,plastic wrapper,landfill,0.682,0.3,0
WST-0200,2026-05-26T20:33:00,Compost AI Demo Bin,EVT-006,water bottle,recycling,0.867,0.99,0
WST-0201,2026-03-06T14:32:00,Cafeteria Bin 1,,apple cores,compost,0.752,0.19,0
WST-0202,2026-04-04T12:52:00,Cafeteria Bin 1,EVT-016,foil pouch,landfill,0.921,0.16,0
WST-0203,2026-04-01T15:11:00,Cafeteria Bin 1,EVT-008,plastic wrapper,landfill,0.697,0.52,0
WST-0204,2026-06-02T20:10:00,Cafeteria Bin 1,EVT-019,unopened granola bar,unopened_food,0.25,0.18,1
WST-0205,2026-04-09T09:41:00,Cafeteria Bin 2,EVT-021,foil pouch,landfill,0.702,0.97,0
WST-0206,2026-05-24T21:44:00,Compost AI Demo Bin,EVT-025,water bottle,recycling,0.518,0.63,0
WST-0207,2026-04-28T14:54:00,Cafeteria Bin 2,EVT-037,water bottle,recycling,0.875,1.01,0
WST-0208,2026-05-30T16:43:00,Event Cleanup,,salad leftovers,compost,0.845,0.77,0
WST-0209,2026-04-17T17:07:00,Compost AI Demo Bin,EVT-011,salad leftovers,compost,0.951,1.05,0
WST-0210,2026-04-07T18:24:00,Compost AI Demo Bin,EVT-012,pizza crust,compost,0.676,0.64,0
WST-0211,2026-05-02T17:16:00,Event Cleanup,EVT-025,pizza crust,compost,0.753,0.49,0
WST-0212,2026-06-01T20:37:00,Compost AI Demo Bin,EVT-031,pizza crust,compost,0.67,0.65,0
WST-0213,2026-04-03T23:25:00,Cafeteria Bin 2,EVT-037,paper tray,compost,0.785,1.13,0
WST-0214,2026-05-31T07:28:00,Cafeteria Bin 2,EVT-035,milk carton,recycling,0.911,0.09,0
WST-0215,2026-03-04T00:29:00,Compost AI Demo Bin,EVT-026,salad leftovers,compost,0.899,1.29,0
WST-0216,2026-03-18T22:35:00,Cafeteria Bin 1,EVT-012,pizza crust,compost,0.814,0.53,0
WST-0217,2026-05-05T08:49:00,Event Cleanup,EVT-011,unopened granola bar,unopened_food,0.99,1.08,0
WST-0218,2026-05-01T02:25:00,Event Cleanup,EVT-019,foil pouch,landfill,0.549,0.28,0
WST-0219,2026-03-15T15:51:00,Compost AI Demo Bin,EVT-021,unopened granola bar,unopened_food,0.811,0.31,0
WST-0220,2026-04-23T18:42:00,Cafeteria Bin 2,EVT-014,apple cores,compost,0.808,1.07,0
WST-0221,2026-04-21T23:24:00,Event Cleanup,EVT-024,pizza crust,compost,0.536,0.59,0
WST-0222,2026-05-23T13:40:00,Compost AI Demo Bin,EVT-019,foil pouch,landfill,0.696,1.35,0
WST-0223,2026-06-05T13:38:00,Event Cleanup,EVT-033,foil pouch,landfill,0.769,0.29,0
WST-0224,2026-04-02T16:24:00,Compost AI Demo Bin,EVT-008,paper tray,compost,0.583,0.37,0
WST-0225,2026-03-02T17:04:00,Event Cleanup,EVT-015,water bottle,recycling,0.617,0.76,0
WST-0226,2026-04-09T11:14:00,Event Cleanup,EVT-031,milk carton,recycling,0.959,1.15,0
WST-0227,2026-03-08T09:48:00,Compost AI Demo Bin,EVT-001,pizza crust,compost,0.884,0.39,0
WST-0228,2026-05-04T16:38:00,Cafeteria Bin 2,EVT-006,milk carton,recycling,0.584,1.43,0
WST-0229,2026-04-05T04:50:00,Cafeteria Bin 2,,salad leftovers,compost,0.773,0.53,0
WST-0230,2026-05-29T18:54:00,Event Cleanup,EVT-026,paper tray,compost,0.666,0.22,1
WST-0231,2026-05-17T05:48:00,Compost AI Demo Bin,EVT-019,apple cores,compost,0.58,1.25,0
WST-0232,2026-05-22T17:57:00,Compost AI Demo Bin,EVT-019,plastic wrapper,landfill,0.861,0.42,0
WST-0233,2026-03-05T02:06:00,Compost AI Demo Bin,EVT-033,unopened granola bar,unopened_food,0.835,0.63,0
WST-0234,2026-04-25T06:54:00,Cafeteria Bin 1,EVT-025,milk carton,recycling,0.854,0.71,0
WST-0235,2026-03-12T08:46:00,Cafeteria Bin 2,EVT-008,milk carton,recycling,0.811,0.76,0
WST-0236,2026-03-12T18:34:00,Cafeteria Bin 2,EVT-014,plastic wrapper,landfill,0.615,0.41,0
WST-0237,2026-03-31T00:40:00,Cafeteria Bin 1,EVT-035,plastic wrapper,landfill,0.672,1.55,0
WST-0238,2026-05-05T08:58:00,Cafeteria Bin 1,EVT-021,pizza crust,compost,0.661,0.43,0
WST-0239,2026-05-08T11:02:00,Event Cleanup,EVT-001,salad leftovers,compost,0.915,0.23,0
WST-0240,2026-04-10T12:40:00,Cafeteria Bin 2,EVT-026,foil pouch,landfill,0.736,0.42,0
WST-0241,2026-04-15T05:14:00,Compost AI Demo Bin,EVT-035,unopened granola bar,unopened_food,0.708,0.95,0
WST-0242,2026-03-25T14:03:00,Compost AI Demo Bin,EVT-016,salad leftovers,compost,0.605,0.16,1
WST-0243,2026-05-06T07:12:00,Event Cleanup,EVT-037,salad leftovers,compost,0.772,2.16,0
WST-0244,2026-05-13T18:38:00,Cafeteria Bin 2,EVT-015,foil pouch,landfill,0.776,0.35,0
WST-0245,2026-03-12T22:24:00,Cafeteria Bin 2,EVT-022,water bottle,recycling,0.784,0.17,0
WST-0246,2026-04-24T21:04:00,Compost AI Demo Bin,EVT-025,salad leftovers,compost,0.786,0.15,0
WST-0247,2026-05-09T19:37:00,Event Cleanup,EVT-026,plastic wrapper,landfill,0.735,0.93,0
WST-0248,2026-04-02T02:19:00,Compost AI Demo Bin,EVT-015,water bottle,recycling,0.88,1.22,0
WST-0249,2026-04-11T23:17:00,Compost AI Demo Bin,EVT-008,water bottle,recycling,0.928,1.56,0
WST-0250,2026-06-04T19:54:00,Cafeteria Bin 1,EVT-011,pizza crust,compost,0.837,0.87,0
WST-0251,2026-04-24T20:34:00,Event Cleanup,EVT-015,milk carton,recycling,0.882,0.48,0
WST-0252,2026-04-23T05:44:00,Cafeteria Bin 2,EVT-021,foil pouch,landfill,0.932,1.81,0
WST-0253,2026-04-25T17:55:00,Event Cleanup,EVT-035,water bottle,recycling,0.67,0.3,0
WST-0254,2026-05-15T15:37:00,Cafeteria Bin 2,EVT-011,foil pouch,landfill,0.813,0.23,0
WST-0255,2026-05-12T20:41:00,Cafeteria Bin 1,EVT-037,foil pouch,landfill,0.703,0.14,0
WST-0256,2026-05-03T02:37:00,Cafeteria Bin 1,EVT-019,apple cores,compost,0.695,0.42,0
WST-0257,2026-06-03T23:04:00,Cafeteria Bin 2,,salad leftovers,compost,0.99,0.79,0
WST-0258,2026-05-09T22:32:00,Compost AI Demo Bin,EVT-031,plastic wrapper,landfill,0.6,0.68,0
WST-0259,2026-03-16T12:28:00,Cafeteria Bin 1,EVT-014,pizza crust,compost,0.739,0.06,0
WST-0260,2026-04-15T13:03:00,Cafeteria Bin 2,EVT-012,apple cores,compost,0.929,0.86,0
WST-0261,2026-04-23T23:30:00,Cafeteria Bin 2,EVT-028,unopened granola bar,unopened_food,0.584,0.07,0
WST-0262,2026-04-13T14:30:00,Compost AI Demo Bin,EVT-020,apple cores,compost,0.99,0.99,0
WST-0263,2026-05-17T07:14:00,Event Cleanup,EVT-008,plastic wrapper,landfill,0.774,0.06,0
WST-0264,2026-03-25T04:29:00,Compost AI Demo Bin,EVT-028,water bottle,recycling,0.688,1.28,0
WST-0265,2026-05-08T03:07:00,Event Cleanup,,salad leftovers,compost,0.99,0.6,0
WST-0266,2026-03-07T21:57:00,Compost AI Demo Bin,EVT-022,plastic wrapper,landfill,0.67,0.25,0
WST-0267,2026-05-16T17:59:00,Event Cleanup,EVT-037,salad leftovers,compost,0.673,0.57,0
WST-0268,2026-03-21T02:05:00,Cafeteria Bin 2,EVT-012,unopened granola bar,unopened_food,0.733,0.67,0
WST-0269,2026-06-05T11:49:00,Cafeteria Bin 1,EVT-033,water bottle,recycling,0.721,0.05,0
WST-0270,2026-04-17T00:29:00,Cafeteria Bin 2,EVT-025,unopened granola bar,unopened_food,0.818,0.31,0
WST-0271,2026-05-14T21:50:00,Compost AI Demo Bin,,milk carton,recycling,0.601,0.82,0
WST-0272,2026-03-01T10:19:00,Cafeteria Bin 2,EVT-037,milk carton,recycling,0.581,0.28,0
WST-0273,2026-03-02T15:58:00,Compost AI Demo Bin,EVT-035,apple cores,compost,0.835,0.07,0
WST-0274,2026-05-26T11:12:00,Cafeteria Bin 2,EVT-028,water bottle,recycling,0.736,0.46,0
WST-0275,2026-04-30T21:29:00,Cafeteria Bin 2,EVT-033,foil pouch,landfill,0.575,0.34,0
WST-0276,2026-04-02T15:02:00,Compost AI Demo Bin,EVT-037,paper tray,compost,0.977,1.3,0
WST-0277,2026-03-17T15:08:00,Event Cleanup,EVT-033,foil pouch,landfill,0.916,0.84,0
WST-0278,2026-04-13T10:56:00,Event Cleanup,EVT-007,plastic wrapper,landfill,0.976,0.59,0
WST-0279,2026-03-13T06:08:00,Compost AI Demo Bin,EVT-011,pizza crust,compost,0.849,0.32,0
WST-0280,2026-05-27T08:25:00,Cafeteria Bin 2,EVT-014,paper tray,compost,0.841,0.4,0
WST-0281,2026-03-23T15:47:00,Cafeteria Bin 1,EVT-028,milk carton,recycling,0.774,0.38,0
WST-0282,2026-05-22T03:21:00,Cafeteria Bin 2,EVT-016,pizza crust,compost,0.614,0.46,0
WST-0283,2026-05-21T08:31:00,Cafeteria Bin 1,EVT-011,plastic wrapper,landfill,0.46,0.49,1
WST-0284,2026-06-03T18:25:00,Event Cleanup,EVT-001,milk carton,recycling,0.852,0.94,0
WST-0285,2026-04-27T16:09:00,Cafeteria Bin 2,EVT-020,milk carton,recycling,0.317,0.18,1
WST-0286,2026-05-17T20:36:00,Cafeteria Bin 1,EVT-025,pizza crust,compost,0.845,1.01,0
WST-0287,2026-03-15T23:30:00,Cafeteria Bin 1,EVT-028,foil pouch,landfill,0.614,0.55,0
WST-0288,2026-04-14T20:27:00,Cafeteria Bin 2,EVT-014,foil pouch,landfill,0.676,0.36,0
WST-0289,2026-05-25T02:59:00,Event Cleanup,EVT-031,salad leftovers,compost,0.815,0.42,0
WST-0290,2026-03-12T14:23:00,Cafeteria Bin 2,EVT-031,pizza crust,compost,0.99,0.51,0
WST-0291,2026-05-30T13:21:00,Event Cleanup,EVT-036,apple cores,compost,0.948,0.51,0
WST-0292,2026-05-31T09:25:00,Event Cleanup,EVT-020,pizza crust,compost,0.852,0.72,1
WST-0293,2026-03-28T13:23:00,Event Cleanup,EVT-012,paper tray,compost,0.597,0.2,0
WST-0294,2026-03-27T05:28:00,Compost AI Demo Bin,EVT-014,unopened granola bar,unopened_food,0.827,0.41,0
WST-0295,2026-03-21T23:33:00,Cafeteria Bin 1,EVT-015,pizza crust,compost,0.833,0.57,0
WST-0296,2026-03-20T05:38:00,Compost AI Demo Bin,EVT-021,apple cores,compost,0.99,0.34,0
WST-0297,2026-03-21T15:45:00,Cafeteria Bin 1,EVT-015,water bottle,recycling,0.934,0.97,0
WST-0298,2026-04-27T18:36:00,Event Cleanup,EVT-019,water bottle,recycling,0.871,0.33,0
WST-0299,2026-03-14T01:55:00,Cafeteria Bin 2,EVT-020,foil pouch,landfill,0.99,0.48,0
WST-0300,2026-03-28T01:20:00,Cafeteria Bin 1,EVT-008,water bottle,recycling,0.615,0.13,0
WST-0301,2026-05-25T14:26:00,Cafeteria Bin 2,EVT-015,apple cores,compost,0.55,0.17,0
WST-0302,2026-06-02T14:28:00,Compost AI Demo Bin,EVT-006,milk carton,recycling,0.99,0.23,0
WST-0303,2026-04-17T18:49:00,Compost AI Demo Bin,EVT-035,salad leftovers,compost,0.568,0.5,0
WST-0304,2026-03-22T18:52:00,Event Cleanup,EVT-006,foil pouch,landfill,0.668,0.22,0
WST-0305,2026-04-05T14:22:00,Cafeteria Bin 2,EVT-025,apple cores,compost,0.99,0.45,0
WST-0306,2026-04-18T12:04:00,Compost AI Demo Bin,EVT-001,milk carton,recycling,0.96,0.09,0
WST-0307,2026-06-07T02:13:00,Event Cleanup,EVT-012,unopened granola bar,unopened_food,0.517,2.08,0
WST-0308,2026-04-12T04:07:00,Compost AI Demo Bin,EVT-022,paper tray,compost,0.896,0.7,0
WST-0309,2026-03-27T10:42:00,Cafeteria Bin 1,EVT-001,foil pouch,landfill,0.917,0.34,0
WST-0310,2026-06-02T17:03:00,Compost AI Demo Bin,EVT-014,salad leftovers,compost,0.843,0.2,0
WST-0311,2026-05-12T12:19:00,Compost AI Demo Bin,EVT-022,paper tray,compost,0.735,0.18,0
WST-0312,2026-05-21T07:48:00,Cafeteria Bin 2,EVT-006,paper tray,compost,0.623,0.5,1
WST-0313,2026-05-12T13:29:00,Event Cleanup,EVT-001,salad leftovers,compost,0.99,1.31,0
WST-0314,2026-05-21T04:46:00,Cafeteria Bin 1,,unopened granola bar,unopened_food,0.904,0.15,0
WST-0315,2026-03-17T11:07:00,Cafeteria Bin 1,EVT-016,milk carton,recycling,0.744,0.16,0
WST-0316,2026-05-15T21:38:00,Event Cleanup,EVT-020,salad leftovers,compost,0.868,0.24,0
WST-0317,2026-05-22T04:27:00,Cafeteria Bin 2,EVT-033,foil pouch,landfill,0.831,1.22,0
WST-0318,2026-04-04T02:23:00,Event Cleanup,EVT-028,paper tray,compost,0.768,0.48,0
WST-0319,2026-03-08T06:18:00,Compost AI Demo Bin,EVT-008,paper tray,compost,0.711,1.08,0
WST-0320,2026-05-02T05:17:00,Cafeteria Bin 2,EVT-014,water bottle,recycling,0.841,0.21,1
WST-0321,2026-03-03T21:09:00,Cafeteria Bin 2,EVT-024,water bottle,recycling,0.674,1.04,0
WST-0322,2026-05-25T06:29:00,Cafeteria Bin 2,EVT-031,milk carton,recycling,0.732,0.11,0
WST-0323,2026-05-31T22:59:00,Event Cleanup,EVT-014,salad leftovers,compost,0.669,0.82,1
WST-0324,2026-05-11T08:53:00,Cafeteria Bin 1,EVT-006,paper tray,compost,0.69,0.22,0
WST-0325,2026-05-25T20:11:00,Event Cleanup,EVT-020,paper tray,compost,0.825,1.96,0
WST-0326,2026-04-29T18:22:00,Cafeteria Bin 2,EVT-019,apple cores,compost,0.582,0.72,0
WST-0327,2026-06-05T17:01:00,Compost AI Demo Bin,EVT-006,unopened granola bar,unopened_food,0.846,1.09,0
WST-0328,2026-04-26T17:15:00,Cafeteria Bin 2,EVT-012,apple cores,compost,0.99,0.25,1
WST-0329,2026-04-21T14:42:00,Compost AI Demo Bin,EVT-021,unopened granola bar,unopened_food,0.561,0.56,0
WST-0330,2026-05-28T19:10:00,Cafeteria Bin 2,EVT-011,unopened granola bar,unopened_food,0.78,0.19,0
WST-0331,2026-05-12T21:37:00,Event Cleanup,EVT-020,apple cores,compost,0.99,0.92,0
WST-0332,2026-03-21T23:17:00,Event Cleanup,,water bottle,recycling,0.957,0.69,0
WST-0333,2026-05-14T06:10:00,Event Cleanup,EVT-015,water bottle,recycling,0.99,0.13,0
WST-0334,2026-05-01T06:17:00,Compost AI Demo Bin,EVT-021,paper tray,compost,0.666,0.44,0
WST-0335,2026-03-19T11:10:00,Compost AI Demo Bin,EVT-031,milk carton,recycling,0.657,0.23,0
WST-0336,2026-04-01T21:34:00,Event Cleanup,EVT-026,foil pouch,landfill,0.892,0.57,0
WST-0337,2026-05-31T20:40:00,Cafeteria Bin 2,EVT-033,paper tray,compost,0.913,0.12,0
WST-0338,2026-04-04T15:57:00,Cafeteria Bin 2,EVT-020,apple cores,compost,0.583,1.44,0
WST-0339,2026-04-02T21:46:00,Event Cleanup,EVT-011,plastic wrapper,landfill,0.847,0.47,0
WST-0340,2026-03-06T12:03:00,Cafeteria Bin 1,EVT-012,paper tray,compost,0.671,0.67,0
WST-0341,2026-03-07T12:55:00,Compost AI Demo Bin,EVT-031,paper tray,compost,0.633,0.17,0
WST-0342,2026-04-19T17:44:00,Compost AI Demo Bin,EVT-036,water bottle,recycling,0.793,0.21,0
WST-0343,2026-04-02T20:37:00,Event Cleanup,,milk carton,recycling,0.978,0.26,0
WST-0344,2026-05-27T22:11:00,Event Cleanup,EVT-037,plastic wrapper,landfill,0.555,1.08,0
WST-0345,2026-05-19T11:03:00,Compost AI Demo Bin,EVT-037,water bottle,recycling,0.803,0.2,0
WST-0346,2026-05-25T10:13:00,Event Cleanup,EVT-008,plastic wrapper,landfill,0.816,0.48,0
WST-0347,2026-03-30T23:44:00,Cafeteria Bin 2,EVT-035,water bottle,recycling,0.756,0.14,0
WST-0348,2026-03-04T04:08:00,Compost AI Demo Bin,EVT-014,water bottle,recycling,0.638,0.05,0
WST-0349,2026-04-04T16:00:00,Compost AI Demo Bin,EVT-014,plastic wrapper,landfill,0.861,1.89,0
WST-0350,2026-05-22T06:56:00,Compost AI Demo Bin,EVT-033,pizza crust,compost,0.599,0.43,0
WST-0351,2026-05-20T20:49:00,Cafeteria Bin 1,EVT-037,plastic wrapper,landfill,0.914,0.3,0
WST-0352,2026-03-04T02:37:00,Compost AI Demo Bin,EVT-020,milk carton,recycling,0.854,0.46,0
WST-0353,2026-04-16T06:09:00,Cafeteria Bin 1,,pizza crust,compost,0.764,0.69,0
WST-0354,2026-03-13T12:25:00,Cafeteria Bin 2,EVT-020,milk carton,recycling,0.876,0.37,0
WST-0355,2026-04-01T13:28:00,Cafeteria Bin 2,EVT-019,pizza crust,compost,0.659,0.14,0
WST-0356,2026-03-01T20:15:00,Cafeteria Bin 2,EVT-037,pizza crust,compost,0.99,0.99,0
WST-0357,2026-03-24T08:20:00,Cafeteria Bin 1,EVT-007,milk carton,recycling,0.856,2.23,0
WST-0358,2026-03-05T03:50:00,Cafeteria Bin 2,EVT-036,paper tray,compost,0.732,0.43,0
WST-0359,2026-04-01T03:20:00,Compost AI Demo Bin,EVT-033,salad leftovers,compost,0.57,0.3,0
WST-0360,2026-05-13T23:48:00,Cafeteria Bin 1,,salad leftovers,compost,0.621,0.45,0
WST-0361,2026-05-23T19:51:00,Cafeteria Bin 1,EVT-006,apple cores,compost,0.865,0.05,0
WST-0362,2026-03-28T05:56:00,Event Cleanup,EVT-012,paper tray,compost,0.677,0.16,0
WST-0363,2026-03-28T17:25:00,Compost AI Demo Bin,EVT-035,water bottle,recycling,0.757,0.67,0
WST-0364,2026-04-10T09:43:00,Compost AI Demo Bin,EVT-012,salad leftovers,compost,0.575,0.35,0
WST-0365,2026-03-15T15:52:00,Cafeteria Bin 1,EVT-026,paper tray,compost,0.99,0.25,0
WST-0366,2026-03-18T16:28:00,Cafeteria Bin 2,EVT-007,water bottle,recycling,0.714,0.24,0
WST-0367,2026-04-02T01:49:00,Cafeteria Bin 1,EVT-036,milk carton,recycling,0.732,0.44,0
WST-0368,2026-05-24T17:44:00,Cafeteria Bin 1,EVT-007,plastic wrapper,landfill,0.663,0.62,0
WST-0369,2026-04-06T21:24:00,Cafeteria Bin 1,EVT-031,plastic wrapper,landfill,0.971,0.65,0
WST-0370,2026-03-22T03:51:00,Compost AI Demo Bin,EVT-019,plastic wrapper,landfill,0.99,0.09,0
WST-0371,2026-05-16T07:19:00,Cafeteria Bin 2,EVT-016,apple cores,compost,0.744,1.08,1
WST-0372,2026-03-18T23:19:00,Event Cleanup,EVT-031,pizza crust,compost,0.729,0.25,0
WST-0373,2026-04-19T05:28:00,Event Cleanup,EVT-028,foil pouch,landfill,0.365,0.85,1
WST-0374,2026-03-12T07:31:00,Cafeteria Bin 1,EVT-035,apple cores,compost,0.653,0.08,0
WST-0375,2026-04-14T09:54:00,Cafeteria Bin 2,EVT-001,paper tray,compost,0.809,0.15,0
WST-0376,2026-03-22T13:11:00,Compost AI Demo Bin,EVT-019,plastic wrapper,landfill,0.775,1.07,0
WST-0377,2026-06-05T02:50:00,Compost AI Demo Bin,EVT-006,apple cores,compost,0.755,0.12,0
WST-0378,2026-04-25T15:59:00,Compost AI Demo Bin,EVT-028,water bottle,recycling,0.774,0.37,0
WST-0379,2026-03-13T11:22:00,Cafeteria Bin 2,EVT-001,apple cores,compost,0.99,0.18,0
WST-0380,2026-06-05T05:46:00,Compost AI Demo Bin,EVT-006,paper tray,compost,0.416,0.22,1
WST-0381,2026-03-03T05:49:00,Cafeteria Bin 2,EVT-008,plastic wrapper,landfill,0.946,0.06,0
WST-0382,2026-03-11T16:29:00,Event Cleanup,EVT-020,unopened granola bar,unopened_food,0.715,1.9,0
WST-0383,2026-05-26T00:24:00,Event Cleanup,EVT-020,apple cores,compost,0.683,0.55,0
WST-0384,2026-04-05T02:32:00,Cafeteria Bin 1,EVT-019,pizza crust,compost,0.908,0.44,0
WST-0385,2026-04-11T10:54:00,Cafeteria Bin 1,EVT-001,salad leftovers,compost,0.659,0.47,1
WST-0386,2026-05-04T10:55:00,Cafeteria Bin 2,EVT-007,unopened granola bar,unopened_food,0.99,0.31,0
WST-0387,2026-04-22T16:42:00,Compost AI Demo Bin,EVT-008,unopened granola bar,unopened_food,0.81,0.19,0
WST-0388,2026-05-03T17:12:00,Event Cleanup,EVT-011,plastic wrapper,landfill,0.988,1.07,0
WST-0389,2026-05-18T16:47:00,Cafeteria Bin 1,,foil pouch,landfill,0.675,0.28,0
WST-0390,2026-03-30T00:48:00,Compost AI Demo Bin,EVT-021,water bottle,recycling,0.71,1.06,0
WST-0391,2026-05-24T10:02:00,Cafeteria Bin 1,EVT-022,unopened granola bar,unopened_food,0.895,0.71,0
WST-0392,2026-04-11T00:15:00,Cafeteria Bin 1,EVT-033,water bottle,recycling,0.99,0.32,0
WST-0393,2026-04-28T21:53:00,Compost AI Demo Bin,EVT-025,milk carton,recycling,0.74,0.73,0
WST-0394,2026-05-12T00:52:00,Cafeteria Bin 1,EVT-026,milk carton,recycling,0.976,0.23,0
WST-0395,2026-03-17T00:22:00,Event Cleanup,EVT-035,water bottle,recycling,0.928,1.26,0
WST-0396,2026-03-09T06:35:00,Event Cleanup,,pizza crust,compost,0.99,0.67,0
WST-0397,2026-04-19T18:13:00,Cafeteria Bin 1,EVT-037,paper tray,compost,0.952,0.68,0
WST-0398,2026-03-23T10:20:00,Cafeteria Bin 1,EVT-021,apple cores,compost,0.746,0.14,0
WST-0399,2026-05-26T16:00:00,Event Cleanup,EVT-033,salad leftovers,compost,0.465,0.69,1
WST-0400,2026-04-28T01:40:00,Compost AI Demo Bin,EVT-016,pizza crust,compost,0.804,0.35,0
WST-0401,2026-04-26T19:20:00,Compost AI Demo Bin,EVT-001,water bottle,recycling,0.736,0.09,0
WST-0402,2026-03-25T21:31:00,Cafeteria Bin 1,EVT-031,water bottle,recycling,0.926,0.37,0
WST-0403,2026-03-08T15:17:00,Cafeteria Bin 1,EVT-012,unopened granola bar,unopened_food,0.825,1.08,0
WST-0404,2026-05-09T23:22:00,Cafeteria Bin 1,EVT-025,unopened granola bar,unopened_food,0.758,0.74,0
WST-0405,2026-05-06T04:06:00,Cafeteria Bin 1,EVT-035,water bottle,recycling,0.968,0.57,0
WST-0406,2026-04-05T11:26:00,Compost AI Demo Bin,EVT-033,pizza crust,compost,0.785,0.6,0
WST-0407,2026-04-23T02:25:00,Event Cleanup,EVT-028,paper tray,compost,0.676,0.44,0
WST-0408,2026-05-12T13:37:00,Cafeteria Bin 1,EVT-035,unopened granola bar,unopened_food,0.541,0.56,0
WST-0409,2026-03-05T19:23:00,Cafeteria Bin 2,EVT-035,foil pouch,landfill,0.99,0.05,0
WST-0410,2026-04-24T10:27:00,Event Cleanup,EVT-037,foil pouch,landfill,0.793,0.79,0
WST-0411,2026-04-29T01:22:00,Cafeteria Bin 2,EVT-028,foil pouch,landfill,0.841,0.23,0
WST-0412,2026-05-11T00:08:00,Event Cleanup,EVT-026,plastic wrapper,landfill,0.856,0.36,0
WST-0413,2026-04-09T15:25:00,Cafeteria Bin 2,EVT-006,salad leftovers,compost,0.644,0.54,0
WST-0414,2026-05-24T04:38:00,Event Cleanup,EVT-020,foil pouch,landfill,0.556,0.12,0
WST-0415,2026-04-15T21:42:00,Cafeteria Bin 2,EVT-007,milk carton,recycling,0.851,0.55,1
WST-0416,2026-05-07T19:15:00,Compost AI Demo Bin,EVT-025,unopened granola bar,unopened_food,0.99,0.19,0
WST-0417,2026-05-03T05:57:00,Compost AI Demo Bin,EVT-031,salad leftovers,compost,0.884,0.08,0
WST-0418,2026-03-28T21:27:00,Event Cleanup,EVT-026,plastic wrapper,landfill,0.603,0.77,0
WST-0419,2026-05-27T21:24:00,Cafeteria Bin 1,EVT-031,foil pouch,landfill,0.72,0.19,0
WST-0420,2026-03-04T20:54:00,Cafeteria Bin 2,EVT-014,unopened granola bar,unopened_food,0.445,0.52,1
WST-0421,2026-04-24T06:40:00,Event Cleanup,EVT-021,water bottle,recycling,0.929,1.45,0
WST-0422,2026-05-08T09:45:00,Event Cleanup,EVT-028,unopened granola bar,unopened_food,0.66,0.07,0
WST-0423,2026-04-01T19:59:00,Cafeteria Bin 2,EVT-022,foil pouch,landfill,0.982,0.5,0
WST-0424,2026-04-14T04:28:00,Cafeteria Bin 2,EVT-036,paper tray,compost,0.646,0.25,0
WST-0425,2026-05-10T14:12:00,Compost AI Demo Bin,EVT-021,pizza crust,compost,0.81,1.61,0
WST-0426,2026-03-20T16:09:00,Cafeteria Bin 2,EVT-022,milk carton,recycling,0.99,0.95,0
WST-0427,2026-03-31T10:38:00,Cafeteria Bin 1,EVT-021,plastic wrapper,landfill,0.875,0.43,0
WST-0428,2026-03-14T14:01:00,Compost AI Demo Bin,EVT-020,milk carton,recycling,0.99,0.37,1
WST-0429,2026-04-04T02:01:00,Cafeteria Bin 1,EVT-016,plastic wrapper,landfill,0.707,0.9,0
WST-0430,2026-04-20T23:32:00,Cafeteria Bin 2,EVT-016,milk carton,recycling,0.889,0.12,0
WST-0431,2026-04-23T07:13:00,Compost AI Demo Bin,EVT-031,salad leftovers,compost,0.749,0.18,0
WST-0432,2026-03-24T07:24:00,Cafeteria Bin 2,EVT-024,water bottle,recycling,0.758,0.72,0
WST-0433,2026-03-05T09:40:00,Event Cleanup,EVT-016,foil pouch,landfill,0.616,1.6,0
WST-0434,2026-05-31T04:00:00,Event Cleanup,EVT-020,salad leftovers,compost,0.724,0.54,0
WST-0435,2026-04-07T05:01:00,Cafeteria Bin 1,EVT-037,unopened granola bar,unopened_food,0.72,1.0,0
WST-0436,2026-04-03T19:39:00,Event Cleanup,EVT-012,pizza crust,compost,0.579,0.58,0
WST-0437,2026-04-06T05:41:00,Cafeteria Bin 1,EVT-015,salad leftovers,compost,0.803,0.05,0
WST-0438,2026-04-08T06:07:00,Event Cleanup,EVT-021,water bottle,recycling,0.945,0.36,0
WST-0439,2026-05-04T03:44:00,Event Cleanup,EVT-037,plastic wrapper,landfill,0.862,0.26,0
WST-0440,2026-03-16T13:55:00,Event Cleanup,EVT-033,milk carton,recycling,0.602,0.41,0
WST-0441,2026-05-24T13:13:00,Event Cleanup,EVT-031,milk carton,recycling,0.776,1.53,0
WST-0442,2026-03-23T08:38:00,Compost AI Demo Bin,EVT-020,water bottle,recycling,0.924,0.8,0
WST-0443,2026-05-19T21:06:00,Compost AI Demo Bin,EVT-024,salad leftovers,compost,0.62,0.56,0
WST-0444,2026-03-01T02:05:00,Compost AI Demo Bin,EVT-022,pizza crust,compost,0.837,0.48,0
WST-0445,2026-05-23T02:34:00,Cafeteria Bin 2,EVT-016,pizza crust,compost,0.764,0.36,0
WST-0446,2026-05-12T06:03:00,Cafeteria Bin 2,EVT-008,foil pouch,landfill,0.837,0.35,0
WST-0447,2026-05-11T05:51:00,Event Cleanup,EVT-022,salad leftovers,compost,0.926,0.19,0
WST-0448,2026-03-10T00:52:00,Cafeteria Bin 1,EVT-028,plastic wrapper,landfill,0.696,0.43,0
WST-0449,2026-04-21T10:14:00,Cafeteria Bin 2,EVT-033,unopened granola bar,unopened_food,0.392,0.87,1
WST-0450,2026-04-19T05:44:00,Event Cleanup,EVT-020,water bottle,recycling,0.82,0.46,0
WST-0451,2026-05-21T02:25:00,Event Cleanup,EVT-015,apple cores,compost,0.53,0.26,0
WST-0452,2026-04-23T20:09:00,Compost AI Demo Bin,EVT-035,paper tray,compost,0.602,0.69,1
WST-0453,2026-05-16T21:23:00,Compost AI Demo Bin,EVT-025,apple cores,compost,0.855,0.42,0
WST-0454,2026-04-09T20:43:00,Cafeteria Bin 1,EVT-028,foil pouch,landfill,0.651,0.32,0
WST-0455,2026-05-02T20:24:00,Cafeteria Bin 1,EVT-021,pizza crust,compost,0.662,0.19,0
WST-0456,2026-03-10T09:05:00,Compost AI Demo Bin,EVT-037,salad leftovers,compost,0.943,2.46,1
WST-0457,2026-03-14T03:40:00,Cafeteria Bin 2,EVT-022,salad leftovers,compost,0.849,0.75,0
WST-0458,2026-03-25T02:46:00,Compost AI Demo Bin,EVT-008,apple cores,compost,0.841,1.56,0
WST-0459,2026-06-06T01:47:00,Cafeteria Bin 2,EVT-033,apple cores,compost,0.608,0.28,0
WST-0460,2026-05-19T18:28:00,Compost AI Demo Bin,EVT-001,milk carton,recycling,0.99,0.71,0
WST-0461,2026-05-21T04:33:00,Cafeteria Bin 1,EVT-031,plastic wrapper,landfill,0.99,1.22,0
WST-0462,2026-03-11T09:01:00,Event Cleanup,EVT-028,apple cores,compost,0.789,0.23,0
WST-0463,2026-04-29T21:06:00,Compost AI Demo Bin,EVT-021,salad leftovers,compost,0.652,1.05,1
WST-0464,2026-05-04T08:55:00,Cafeteria Bin 2,EVT-008,foil pouch,landfill,0.657,0.57,0
WST-0465,2026-04-06T02:53:00,Event Cleanup,EVT-016,apple cores,compost,0.74,0.31,0
WST-0466,2026-03-02T21:54:00,Compost AI Demo Bin,EVT-025,milk carton,recycling,0.862,0.86,0
WST-0467,2026-03-22T08:25:00,Compost AI Demo Bin,EVT-037,foil pouch,landfill,0.768,0.16,0
WST-0468,2026-03-22T17:42:00,Event Cleanup,EVT-036,salad leftovers,compost,0.779,0.29,0
WST-0469,2026-04-28T11:02:00,Compost AI Demo Bin,EVT-026,unopened granola bar,unopened_food,0.964,0.05,0
WST-0470,2026-06-05T16:43:00,Cafeteria Bin 2,EVT-014,paper tray,compost,0.812,1.62,0
WST-0471,2026-03-04T11:36:00,Event Cleanup,EVT-033,plastic wrapper,landfill,0.953,0.79,0
WST-0472,2026-05-13T16:00:00,Cafeteria Bin 2,EVT-021,foil pouch,landfill,0.749,0.64,0
WST-0473,2026-04-25T00:32:00,Compost AI Demo Bin,EVT-012,foil pouch,landfill,0.645,0.84,0
WST-0474,2026-05-15T07:27:00,Event Cleanup,EVT-019,pizza crust,compost,0.712,0.31,1
WST-0475,2026-03-01T09:34:00,Cafeteria Bin 2,EVT-014,water bottle,recycling,0.715,0.56,0
WST-0476,2026-04-13T14:48:00,Cafeteria Bin 1,EVT-028,apple cores,compost,0.902,1.8,0
WST-0477,2026-05-10T21:35:00,Compost AI Demo Bin,EVT-036,water bottle,recycling,0.609,0.51,0
WST-0478,2026-03-02T21:04:00,Compost AI Demo Bin,EVT-020,paper tray,compost,0.819,0.4,0
WST-0479,2026-04-29T13:24:00,Cafeteria Bin 1,EVT-033,salad leftovers,compost,0.852,1.04,0
WST-0480,2026-03-22T02:58:00,Cafeteria Bin 1,EVT-037,salad leftovers,compost,0.99,0.36,0
WST-0481,2026-04-19T05:38:00,Cafeteria Bin 2,EVT-021,water bottle,recycling,0.938,0.44,0
WST-0482,2026-05-23T09:45:00,Cafeteria Bin 1,EVT-001,unopened granola bar,unopened_food,0.737,0.69,0
WST-0483,2026-03-17T09:28:00,Event Cleanup,EVT-014,apple cores,compost,0.832,0.19,0
WST-0484,2026-03-08T17:07:00,Event Cleanup,EVT-036,unopened granola bar,unopened_food,0.875,0.5,0
WST-0485,2026-04-11T13:50:00,Event Cleanup,EVT-025,plastic wrapper,landfill,0.99,0.32,0
WST-0486,2026-04-05T21:52:00,Cafeteria Bin 2,EVT-033,salad leftovers,compost,0.467,0.05,1
WST-0487,2026-06-06T20:09:00,Event Cleanup,EVT-008,foil pouch,landfill,0.683,0.27,0
WST-0488,2026-06-01T14:14:00,Event Cleanup,EVT-022,foil pouch,landfill,0.939,0.84,0
WST-0489,2026-03-29T16:35:00,Event Cleanup,EVT-007,foil pouch,landfill,0.867,0.25,0
WST-0490,2026-06-04T05:16:00,Event Cleanup,EVT-037,salad leftovers,compost,0.714,1.39,0
WST-0491,2026-04-12T18:48:00,Event Cleanup,EVT-011,milk carton,recycling,0.728,0.07,0
WST-0492,2026-05-15T21:51:00,Cafeteria Bin 1,EVT-037,foil pouch,landfill,0.979,0.6,0
WST-0493,2026-04-11T05:47:00,Cafeteria Bin 2,EVT-033,foil pouch,landfill,0.776,0.59,0
WST-0494,2026-05-12T23:24:00,Compost AI Demo Bin,EVT-022,milk carton,recycling,0.654,0.28,0
WST-0495,2026-05-19T13:33:00,Compost AI Demo Bin,EVT-016,milk carton,recycling,0.812,0.29,0
WST-0496,2026-03-29T22:41:00,Event Cleanup,EVT-016,apple cores,compost,0.864,0.86,0
WST-0497,2026-03-08T19:07:00,Event Cleanup,EVT-037,apple cores,compost,0.565,0.05,0
WST-0498,2026-03-11T04:23:00,Event Cleanup,EVT-028,salad leftovers,compost,0.8,0.66,0
WST-0499,2026-04-10T16:02:00,Event Cleanup,EVT-025,paper tray,compost,0.809,0.77,0
WST-0500,2026-05-30T06:53:00,Compost AI Demo Bin,EVT-021,water bottle,recycling,0.887,0.61,0
WST-0501,2026-04-12T05:29:00,Event Cleanup,EVT-011,plastic wrapper,landfill,0.741,0.16,0
WST-0502,2026-06-01T14:49:00,Cafeteria Bin 2,,pizza crust,compost,0.804,1.01,0
WST-0503,2026-03-08T17:26:00,Event Cleanup,EVT-028,unopened granola bar,unopened_food,0.761,0.53,0
WST-0504,2026-04-01T06:58:00,Event Cleanup,EVT-011,apple cores,compost,0.77,0.26,0
WST-0505,2026-05-16T17:00:00,Compost AI Demo Bin,EVT-020,pizza crust,compost,0.766,0.35,1
WST-0506,2026-03-19T17:47:00,Cafeteria Bin 2,EVT-015,foil pouch,landfill,0.847,0.66,0
WST-0507,2026-05-17T06:26:00,Cafeteria Bin 2,EVT-026,paper tray,compost,0.738,0.87,0
WST-0508,2026-03-14T20:55:00,Cafeteria Bin 1,EVT-033,water bottle,recycling,0.696,0.59,1
WST-0509,2026-04-19T01:38:00,Cafeteria Bin 2,EVT-020,pizza crust,compost,0.99,0.05,0
WST-0510,2026-03-08T17:13:00,Event Cleanup,EVT-012,plastic wrapper,landfill,0.733,0.14,0
WST-0511,2026-03-12T18:03:00,Event Cleanup,EVT-025,unopened granola bar,unopened_food,0.609,0.62,0
WST-0512,2026-04-25T01:51:00,Cafeteria Bin 2,EVT-019,paper tray,compost,0.924,0.39,0
WST-0513,2026-03-26T02:58:00,Cafeteria Bin 2,EVT-033,apple cores,compost,0.753,0.46,0
WST-0514,2026-06-02T05:24:00,Cafeteria Bin 1,EVT-008,water bottle,recycling,0.705,0.46,0
WST-0515,2026-04-23T16:34:00,Compost AI Demo Bin,EVT-033,plastic wrapper,landfill,0.966,0.58,0
WST-0516,2026-04-29T15:31:00,Cafeteria Bin 2,EVT-011,foil pouch,landfill,0.966,0.92,0
WST-0517,2026-04-28T12:53:00,Event Cleanup,EVT-024,salad leftovers,compost,0.86,0.73,0
WST-0518,2026-05-19T01:59:00,Cafeteria Bin 2,EVT-016,salad leftovers,compost,0.99,0.23,0
WST-0519,2026-04-12T23:45:00,Event Cleanup,EVT-020,water bottle,recycling,0.487,0.87,0
WST-0520,2026-06-01T03:47:00,Cafeteria Bin 1,EVT-008,salad leftovers,compost,0.817,1.39,0
WST-0521,2026-03-27T19:35:00,Event Cleanup,EVT-024,milk carton,recycling,0.99,0.15,0
WST-0522,2026-03-31T01:40:00,Cafeteria Bin 2,EVT-020,plastic wrapper,landfill,0.905,0.34,0
WST-0523,2026-03-25T22:16:00,Cafeteria Bin 1,EVT-020,plastic wrapper,landfill,0.645,0.61,0
WST-0524,2026-03-09T10:37:00,Event Cleanup,EVT-022,salad leftovers,compost,0.803,0.45,0
WST-0525,2026-03-19T12:51:00,Event Cleanup,,apple cores,compost,0.99,0.39,0
WST-0526,2026-04-24T00:29:00,Compost AI Demo Bin,EVT-006,paper tray,compost,0.751,0.24,0
WST-0527,2026-05-31T03:37:00,Event Cleanup,EVT-015,unopened granola bar,unopened_food,0.774,0.35,0
WST-0528,2026-04-08T10:26:00,Compost AI Demo Bin,EVT-011,pizza crust,compost,0.449,0.07,1
WST-0529,2026-04-23T09:45:00,Cafeteria Bin 2,EVT-016,milk carton,recycling,0.902,0.36,0
WST-0530,2026-05-14T15:28:00,Cafeteria Bin 2,EVT-008,milk carton,recycling,0.781,0.32,0
WST-0531,2026-03-07T14:54:00,Event Cleanup,EVT-033,milk carton,recycling,0.66,0.64,0
WST-0532,2026-05-25T01:08:00,Cafeteria Bin 2,EVT-025,milk carton,recycling,0.99,0.37,0
WST-0533,2026-03-27T15:29:00,Compost AI Demo Bin,EVT-035,salad leftovers,compost,0.887,0.17,0
WST-0534,2026-03-24T18:19:00,Event Cleanup,EVT-001,milk carton,recycling,0.823,0.99,0
WST-0535,2026-03-11T20:11:00,Event Cleanup,EVT-036,water bottle,recycling,0.783,0.3,0
WST-0536,2026-04-19T23:09:00,Event Cleanup,EVT-036,salad leftovers,compost,0.676,0.06,0
WST-0537,2026-05-29T19:55:00,Event Cleanup,EVT-022,pizza crust,compost,0.527,0.87,0
WST-0538,2026-04-07T10:11:00,Compost AI Demo Bin,EVT-016,paper tray,compost,0.803,0.24,0
WST-0539,2026-05-14T00:12:00,Cafeteria Bin 1,EVT-016,salad leftovers,compost,0.737,0.17,0
WST-0540,2026-03-22T10:20:00,Cafeteria Bin 2,EVT-001,pizza crust,compost,0.638,0.32,0
WST-0541,2026-04-16T11:16:00,Event Cleanup,EVT-033,paper tray,compost,0.759,0.46,0
WST-0542,2026-05-04T20:04:00,Compost AI Demo Bin,EVT-033,apple cores,compost,0.862,0.37,0
WST-0543,2026-03-16T23:22:00,Event Cleanup,EVT-021,salad leftovers,compost,0.606,1.23,0
WST-0544,2026-03-06T21:01:00,Cafeteria Bin 2,EVT-011,foil pouch,landfill,0.813,0.79,0
WST-0545,2026-03-19T21:54:00,Event Cleanup,EVT-008,foil pouch,landfill,0.682,0.58,0
WST-0546,2026-05-29T00:57:00,Cafeteria Bin 1,EVT-026,milk carton,recycling,0.789,0.2,0
WST-0547,2026-05-25T02:37:00,Compost AI Demo Bin,EVT-033,unopened granola bar,unopened_food,0.775,0.36,0
WST-0548,2026-05-03T08:14:00,Event Cleanup,EVT-026,apple cores,compost,0.99,0.27,0
WST-0549,2026-04-01T03:36:00,Compost AI Demo Bin,EVT-035,paper tray,compost,0.806,0.14,1
WST-0550,2026-05-24T10:10:00,Cafeteria Bin 1,EVT-033,plastic wrapper,landfill,0.917,1.13,0
WST-0551,2026-06-04T02:59:00,Compost AI Demo Bin,EVT-016,milk carton,recycling,0.677,1.53,0
WST-0552,2026-03-23T16:39:00,Event Cleanup,EVT-012,salad leftovers,compost,0.629,0.13,0
WST-0553,2026-05-31T22:45:00,Cafeteria Bin 2,EVT-028,milk carton,recycling,0.99,0.34,0
WST-0554,2026-05-02T23:27:00,Event Cleanup,EVT-037,water bottle,recycling,0.489,0.22,0
WST-0555,2026-04-24T13:21:00,Cafeteria Bin 1,EVT-024,salad leftovers,compost,0.989,0.06,0
WST-0556,2026-03-15T23:38:00,Event Cleanup,EVT-024,salad leftovers,compost,0.622,1.28,0
WST-0557,2026-03-11T14:22:00,Compost AI Demo Bin,EVT-007,paper tray,compost,0.603,0.35,0
WST-0558,2026-03-06T19:18:00,Cafeteria Bin 2,EVT-011,unopened granola bar,unopened_food,0.626,0.29,0
WST-0559,2026-04-19T08:33:00,Compost AI Demo Bin,EVT-015,plastic wrapper,landfill,0.99,1.22,0
WST-0560,2026-04-17T10:42:00,Cafeteria Bin 1,EVT-026,apple cores,compost,0.756,0.21,0
WST-0561,2026-03-10T07:28:00,Cafeteria Bin 2,EVT-014,paper tray,compost,0.934,1.39,0
WST-0562,2026-03-25T06:23:00,Cafeteria Bin 2,EVT-016,salad leftovers,compost,0.99,0.28,0
WST-0563,2026-05-05T05:04:00,Event Cleanup,EVT-021,salad leftovers,compost,0.704,0.43,0
WST-0564,2026-03-17T02:46:00,Cafeteria Bin 2,EVT-015,paper tray,compost,0.764,0.61,1
WST-0565,2026-04-27T10:38:00,Compost AI Demo Bin,EVT-014,paper tray,compost,0.766,0.3,0
WST-0566,2026-05-10T10:22:00,Compost AI Demo Bin,EVT-014,foil pouch,landfill,0.491,0.31,0
WST-0567,2026-04-22T06:45:00,Cafeteria Bin 1,EVT-014,water bottle,recycling,0.892,0.32,0
WST-0568,2026-03-08T11:51:00,Cafeteria Bin 2,EVT-033,paper tray,compost,0.534,0.08,0
WST-0569,2026-03-27T13:16:00,Cafeteria Bin 2,EVT-031,apple cores,compost,0.589,0.49,0
WST-0570,2026-06-02T02:40:00,Compost AI Demo Bin,EVT-016,salad leftovers,compost,0.99,0.53,0
WST-0571,2026-03-16T04:34:00,Compost AI Demo Bin,EVT-012,milk carton,recycling,0.492,0.25,0
WST-0572,2026-05-31T00:20:00,Cafeteria Bin 1,EVT-033,paper tray,compost,0.578,0.18,0
WST-0573,2026-03-14T20:40:00,Cafeteria Bin 1,EVT-014,paper tray,compost,0.463,0.78,1
WST-0574,2026-04-01T15:55:00,Cafeteria Bin 1,EVT-001,water bottle,recycling,0.753,0.13,0
WST-0575,2026-03-29T13:15:00,Cafeteria Bin 1,EVT-011,salad leftovers,compost,0.375,0.33,1
WST-0576,2026-03-02T14:06:00,Cafeteria Bin 2,EVT-024,milk carton,recycling,0.827,0.87,0
WST-0577,2026-05-22T12:02:00,Compost AI Demo Bin,EVT-006,paper tray,compost,0.583,0.65,0
WST-0578,2026-06-02T09:52:00,Cafeteria Bin 2,EVT-036,salad leftovers,compost,0.775,0.25,0
WST-0579,2026-03-09T00:03:00,Event Cleanup,,water bottle,recycling,0.821,0.64,0
WST-0580,2026-06-04T05:26:00,Compost AI Demo Bin,EVT-020,apple cores,compost,0.722,0.55,0
WST-0581,2026-03-17T10:31:00,Cafeteria Bin 2,EVT-026,apple cores,compost,0.879,0.3,0
WST-0582,2026-04-08T23:42:00,Compost AI Demo Bin,EVT-020,foil pouch,landfill,0.76,1.02,0
WST-0583,2026-06-01T07:49:00,Event Cleanup,EVT-011,salad leftovers,compost,0.772,0.08,0
WST-0584,2026-05-05T23:34:00,Cafeteria Bin 2,,pizza crust,compost,0.645,0.24,0
WST-0585,2026-05-09T00:06:00,Compost AI Demo Bin,EVT-019,plastic wrapper,landfill,0.99,0.34,0
WST-0586,2026-04-22T04:44:00,Cafeteria Bin 1,EVT-007,salad leftovers,compost,0.971,0.31,0
WST-0587,2026-05-23T22:41:00,Cafeteria Bin 1,EVT-026,salad leftovers,compost,0.869,0.47,0
WST-0588,2026-03-21T17:09:00,Cafeteria Bin 1,EVT-006,pizza crust,compost,0.967,0.36,0
WST-0589,2026-05-17T01:01:00,Cafeteria Bin 2,EVT-015,foil pouch,landfill,0.875,1.7,0
WST-0590,2026-04-20T07:48:00,Compost AI Demo Bin,EVT-015,paper tray,compost,0.741,0.2,0
WST-0591,2026-05-01T05:58:00,Cafeteria Bin 1,EVT-015,unopened granola bar,unopened_food,0.845,1.03,0
WST-0592,2026-03-21T14:08:00,Event Cleanup,EVT-014,plastic wrapper,landfill,0.695,0.91,0
WST-0593,2026-03-02T06:34:00,Cafeteria Bin 2,EVT-019,water bottle,recycling,0.862,0.66,0
WST-0594,2026-05-18T01:40:00,Cafeteria Bin 2,EVT-019,foil pouch,landfill,0.895,0.82,0
WST-0595,2026-03-04T07:40:00,Compost AI Demo Bin,EVT-024,unopened granola bar,unopened_food,0.901,0.7,0
WST-0596,2026-04-14T21:36:00,Cafeteria Bin 2,EVT-019,plastic wrapper,landfill,0.852,0.42,0
WST-0597,2026-03-20T08:33:00,Event Cleanup,EVT-028,pizza crust,compost,0.639,0.06,0
WST-0598,2026-05-28T11:15:00,Compost AI Demo Bin,EVT-006,foil pouch,landfill,0.519,0.19,0
WST-0599,2026-04-13T01:37:00,Cafeteria Bin 2,EVT-008,pizza crust,compost,0.731,0.44,0
WST-0600,2026-04-28T18:57:00,Cafeteria Bin 1,EVT-006,salad leftovers,compost,0.877,0.43,0
WST-0601,2026-06-07T13:35:00,Event Cleanup,EVT-028,pizza crust,compost,0.649,0.37,0
WST-0602,2026-05-19T09:58:00,Cafeteria Bin 1,EVT-001,unopened granola bar,unopened_food,0.793,0.06,0
WST-0603,2026-06-01T20:27:00,Cafeteria Bin 2,EVT-001,salad leftovers,compost,0.658,0.86,0
WST-0604,2026-03-01T02:31:00,Event Cleanup,EVT-035,water bottle,recycling,0.679,0.83,0
WST-0605,2026-05-15T15:56:00,Compost AI Demo Bin,EVT-033,unopened granola bar,unopened_food,0.749,0.07,0
WST-0606,2026-03-12T08:23:00,Compost AI Demo Bin,EVT-037,paper tray,compost,0.759,0.45,0
WST-0607,2026-04-26T14:07:00,Event Cleanup,EVT-028,paper tray,compost,0.824,0.18,0
WST-0608,2026-03-22T04:34:00,Compost AI Demo Bin,EVT-035,water bottle,recycling,0.834,0.5,0
WST-0609,2026-05-30T19:14:00,Cafeteria Bin 1,EVT-028,salad leftovers,compost,0.814,0.27,0
WST-0610,2026-05-11T08:59:00,Event Cleanup,EVT-020,unopened granola bar,unopened_food,0.915,0.68,0
WST-0611,2026-06-03T10:55:00,Compost AI Demo Bin,EVT-033,unopened granola bar,unopened_food,0.95,2.58,0
WST-0612,2026-03-10T08:06:00,Compost AI Demo Bin,EVT-022,paper tray,compost,0.662,0.87,0
WST-0613,2026-06-03T01:09:00,Cafeteria Bin 1,EVT-026,salad leftovers,compost,0.669,0.29,1
WST-0614,2026-06-01T13:39:00,Compost AI Demo Bin,EVT-001,salad leftovers,compost,0.68,0.44,0
WST-0615,2026-03-19T07:06:00,Event Cleanup,EVT-014,plastic wrapper,landfill,0.728,0.49,0
WST-0616,2026-04-19T00:31:00,Cafeteria Bin 1,EVT-014,plastic wrapper,landfill,0.643,1.02,0
WST-0617,2026-03-12T05:15:00,Compost AI Demo Bin,,unopened granola bar,unopened_food,0.565,0.19,0
WST-0618,2026-05-11T11:10:00,Cafeteria Bin 2,EVT-011,paper tray,compost,0.944,0.22,0
WST-0619,2026-05-03T18:15:00,Cafeteria Bin 1,EVT-006,apple cores,compost,0.916,0.38,0
WST-0620,2026-03-18T00:59:00,Cafeteria Bin 2,EVT-015,milk carton,recycling,0.77,1.72,1
WST-0621,2026-05-10T18:44:00,Cafeteria Bin 1,EVT-037,plastic wrapper,landfill,0.99,0.89,0
WST-0622,2026-05-13T21:05:00,Compost AI Demo Bin,EVT-021,milk carton,recycling,0.864,0.19,1
WST-0623,2026-04-24T07:30:00,Compost AI Demo Bin,EVT-031,foil pouch,landfill,0.794,0.51,0
WST-0624,2026-04-26T07:37:00,Event Cleanup,EVT-016,apple cores,compost,0.813,0.33,0
WST-0625,2026-04-18T12:20:00,Compost AI Demo Bin,EVT-033,water bottle,recycling,0.758,0.28,0
WST-0626,2026-03-13T19:46:00,Cafeteria Bin 1,EVT-024,apple cores,compost,0.327,0.44,1
WST-0627,2026-04-11T16:44:00,Event Cleanup,EVT-020,paper tray,compost,0.692,0.11,0
WST-0628,2026-03-05T10:50:00,Event Cleanup,EVT-021,paper tray,compost,0.978,0.32,0
WST-0629,2026-03-26T20:30:00,Cafeteria Bin 2,EVT-037,foil pouch,landfill,0.88,0.13,0
WST-0630,2026-05-16T00:11:00,Event Cleanup,EVT-016,paper tray,compost,0.736,0.59,0
WST-0631,2026-05-23T18:10:00,Compost AI Demo Bin,EVT-025,paper tray,compost,0.531,0.83,0
WST-0632,2026-05-06T17:09:00,Compost AI Demo Bin,EVT-007,apple cores,compost,0.984,0.82,0
WST-0633,2026-03-21T11:16:00,Cafeteria Bin 2,EVT-035,pizza crust,compost,0.59,1.41,1
WST-0634,2026-03-23T14:25:00,Compost AI Demo Bin,EVT-028,milk carton,recycling,0.811,0.38,0
WST-0635,2026-05-03T17:21:00,Cafeteria Bin 1,EVT-019,salad leftovers,compost,0.693,0.37,0
WST-0636,2026-05-06T01:45:00,Event Cleanup,,apple cores,compost,0.501,0.48,0
WST-0637,2026-04-19T04:10:00,Event Cleanup,EVT-036,pizza crust,compost,0.743,0.15,0
WST-0638,2026-06-07T00:26:00,Cafeteria Bin 1,,foil pouch,landfill,0.905,0.42,0
WST-0639,2026-05-25T01:53:00,Cafeteria Bin 1,EVT-006,pizza crust,compost,0.738,1.76,0
WST-0640,2026-05-06T17:17:00,Event Cleanup,EVT-016,plastic wrapper,landfill,0.815,0.77,0
WST-0641,2026-06-06T07:54:00,Event Cleanup,EVT-033,paper tray,compost,0.895,0.35,0
WST-0642,2026-04-01T13:43:00,Cafeteria Bin 2,EVT-014,unopened granola bar,unopened_food,0.811,0.47,0
WST-0643,2026-04-05T03:34:00,Cafeteria Bin 2,EVT-035,apple cores,compost,0.99,0.93,0
WST-0644,2026-05-13T12:54:00,Compost AI Demo Bin,EVT-037,water bottle,recycling,0.564,0.5,0
WST-0645,2026-03-14T06:51:00,Cafeteria Bin 1,EVT-024,water bottle,recycling,0.819,0.05,0
WST-0646,2026-03-17T22:32:00,Event Cleanup,EVT-015,unopened granola bar,unopened_food,0.63,0.39,0
WST-0647,2026-03-09T03:32:00,Cafeteria Bin 1,EVT-014,milk carton,recycling,0.517,0.22,0
WST-0648,2026-04-15T20:31:00,Event Cleanup,,apple cores,compost,0.773,0.44,0
WST-0649,2026-03-22T22:35:00,Event Cleanup,EVT-037,unopened granola bar,unopened_food,0.817,0.36,0
WST-0650,2026-04-27T21:12:00,Cafeteria Bin 1,EVT-019,milk carton,recycling,0.676,0.3,0
WST-0651,2026-06-06T04:45:00,Cafeteria Bin 2,EVT-007,plastic wrapper,landfill,0.729,0.6,0
WST-0652,2026-05-26T14:17:00,Compost AI Demo Bin,EVT-021,water bottle,recycling,0.99,0.65,0
WST-0653,2026-05-20T13:13:00,Cafeteria Bin 2,EVT-001,paper tray,compost,0.962,0.12,1
WST-0654,2026-03-10T06:53:00,Event Cleanup,,salad leftovers,compost,0.916,0.35,0
WST-0655,2026-05-12T20:53:00,Compost AI Demo Bin,EVT-007,plastic wrapper,landfill,0.855,0.57,0
WST-0656,2026-05-08T15:44:00,Event Cleanup,EVT-012,plastic wrapper,landfill,0.879,0.18,0
WST-0657,2026-03-03T18:01:00,Cafeteria Bin 1,EVT-001,plastic wrapper,landfill,0.99,0.45,0
WST-0658,2026-04-22T08:09:00,Cafeteria Bin 2,EVT-026,plastic wrapper,landfill,0.874,1.76,0
WST-0659,2026-05-21T21:16:00,Compost AI Demo Bin,EVT-026,plastic wrapper,landfill,0.781,0.84,0
WST-0660,2026-06-05T13:02:00,Cafeteria Bin 2,EVT-001,apple cores,compost,0.681,0.05,0
WST-0661,2026-04-30T04:10:00,Event Cleanup,EVT-012,milk carton,recycling,0.99,0.36,0
WST-0662,2026-04-11T04:00:00,Cafeteria Bin 2,EVT-025,water bottle,recycling,0.583,0.29,1
WST-0663,2026-04-30T17:23:00,Compost AI Demo Bin,EVT-008,pizza crust,compost,0.874,0.45,1
WST-0664,2026-04-27T13:51:00,Compost AI Demo Bin,EVT-033,salad leftovers,compost,0.833,1.76,0
WST-0665,2026-05-30T22:41:00,Cafeteria Bin 2,EVT-008,pizza crust,compost,0.562,0.5,0
WST-0666,2026-03-08T05:19:00,Compost AI Demo Bin,EVT-022,plastic wrapper,landfill,0.787,0.62,0
WST-0667,2026-04-04T01:08:00,Event Cleanup,EVT-001,foil pouch,landfill,0.783,0.4,0
WST-0668,2026-03-02T07:08:00,Compost AI Demo Bin,,milk carton,recycling,0.581,0.77,0
WST-0669,2026-05-07T16:27:00,Cafeteria Bin 1,EVT-036,paper tray,compost,0.573,0.53,0
WST-0670,2026-05-16T16:06:00,Cafeteria Bin 2,EVT-021,milk carton,recycling,0.587,0.32,0
WST-0671,2026-04-29T02:11:00,Cafeteria Bin 2,EVT-021,salad leftovers,compost,0.78,0.71,0
WST-0672,2026-05-13T14:08:00,Compost AI Demo Bin,EVT-016,unopened granola bar,unopened_food,0.747,0.11,0
WST-0673,2026-06-04T10:33:00,Event Cleanup,EVT-025,salad leftovers,compost,0.877,0.64,0
WST-0674,2026-04-15T06:03:00,Event Cleanup,EVT-006,foil pouch,landfill,0.894,0.28,0
WST-0675,2026-04-08T23:08:00,Cafeteria Bin 2,EVT-022,unopened granola bar,unopened_food,0.769,0.19,0
WST-0676,2026-05-23T20:36:00,Cafeteria Bin 1,EVT-026,milk carton,recycling,0.834,0.78,0
WST-0677,2026-04-16T03:33:00,Cafeteria Bin 1,EVT-035,pizza crust,compost,0.751,0.09,0
WST-0678,2026-04-30T08:31:00,Cafeteria Bin 2,EVT-007,salad leftovers,compost,0.523,0.05,0
WST-0679,2026-04-28T14:36:00,Event Cleanup,EVT-011,salad leftovers,compost,0.941,0.61,1
WST-0680,2026-03-05T22:09:00,Event Cleanup,EVT-008,foil pouch,landfill,0.527,0.11,0
WST-0681,2026-05-08T00:18:00,Cafeteria Bin 2,EVT-001,paper tray,compost,0.897,0.07,0
WST-0682,2026-03-09T19:53:00,Cafeteria Bin 2,EVT-016,plastic wrapper,landfill,0.785,0.29,0
WST-0683,2026-03-08T06:03:00,Compost AI Demo Bin,EVT-022,paper tray,compost,0.89,0.07,0
WST-0684,2026-03-07T08:29:00,Event Cleanup,EVT-024,water bottle,recycling,0.99,1.39,0
WST-0685,2026-03-31T07:03:00,Cafeteria Bin 2,EVT-025,paper tray,compost,0.797,0.8,0
WST-0686,2026-05-19T12:16:00,Cafeteria Bin 2,EVT-016,unopened granola bar,unopened_food,0.734,0.36,0
WST-0687,2026-04-13T02:37:00,Event Cleanup,EVT-022,salad leftovers,compost,0.927,0.31,0
WST-0688,2026-05-07T21:46:00,Cafeteria Bin 2,EVT-021,foil pouch,landfill,0.25,0.11,1
WST-0689,2026-05-08T18:33:00,Cafeteria Bin 1,EVT-015,plastic wrapper,landfill,0.838,0.31,0
WST-0690,2026-03-22T09:11:00,Cafeteria Bin 2,EVT-006,plastic wrapper,landfill,0.851,0.51,0
WST-0691,2026-05-25T17:55:00,Compost AI Demo Bin,EVT-031,pizza crust,compost,0.978,0.14,0
WST-0692,2026-04-18T19:47:00,Compost AI Demo Bin,EVT-016,water bottle,recycling,0.628,0.61,0
WST-0693,2026-04-23T06:08:00,Cafeteria Bin 2,EVT-015,foil pouch,landfill,0.495,0.56,0
WST-0694,2026-03-04T07:08:00,Event Cleanup,EVT-015,foil pouch,landfill,0.89,0.05,0
WST-0695,2026-04-30T19:07:00,Compost AI Demo Bin,EVT-026,unopened granola bar,unopened_food,0.606,0.13,0
WST-0696,2026-03-13T19:28:00,Cafeteria Bin 2,EVT-035,milk carton,recycling,0.975,0.83,0
WST-0697,2026-05-13T09:34:00,Cafeteria Bin 1,EVT-026,milk carton,recycling,0.504,0.22,0
WST-0698,2026-05-29T07:36:00,Cafeteria Bin 2,EVT-001,milk carton,recycling,0.918,0.69,0
WST-0699,2026-06-06T13:22:00,Cafeteria Bin 2,EVT-024,apple cores,compost,0.905,0.34,0
WST-0700,2026-05-27T19:47:00,Event Cleanup,EVT-035,plastic wrapper,landfill,0.99,0.05,0
WST-0701,2026-04-13T12:33:00,Event Cleanup,EVT-037,water bottle,recycling,0.794,0.19,0
WST-0702,2026-04-10T18:23:00,Cafeteria Bin 2,EVT-037,water bottle,recycling,0.857,0.25,0
WST-0703,2026-06-07T00:07:00,Cafeteria Bin 1,EVT-025,unopened granola bar,unopened_food,0.884,0.07,0
WST-0704,2026-03-04T06:55:00,Cafeteria Bin 2,EVT-001,salad leftovers,compost,0.935,0.82,0
WST-0705,2026-03-25T11:08:00,Event Cleanup,EVT-036,milk carton,recycling,0.99,3.05,0
WST-0706,2026-04-27T19:46:00,Compost AI Demo Bin,EVT-024,apple cores,compost,0.953,0.93,0
WST-0707,2026-03-13T14:33:00,Compost AI Demo Bin,EVT-015,foil pouch,landfill,0.817,0.65,0
WST-0708,2026-03-19T12:30:00,Cafeteria Bin 1,EVT-001,milk carton,recycling,0.712,0.74,0
WST-0709,2026-05-09T13:55:00,Event Cleanup,EVT-021,paper tray,compost,0.691,0.13,0
WST-0710,2026-05-20T07:10:00,Event Cleanup,EVT-006,unopened granola bar,unopened_food,0.949,0.9,0
WST-0711,2026-05-27T17:52:00,Cafeteria Bin 2,EVT-020,paper tray,compost,0.779,0.74,1
WST-0712,2026-04-16T18:34:00,Compost AI Demo Bin,EVT-031,apple cores,compost,0.853,0.26,0
WST-0713,2026-05-23T21:50:00,Event Cleanup,EVT-021,water bottle,recycling,0.733,0.4,0
WST-0714,2026-05-25T07:17:00,Compost AI Demo Bin,EVT-020,foil pouch,landfill,0.77,0.63,0
WST-0715,2026-04-01T00:33:00,Event Cleanup,EVT-021,pizza crust,compost,0.922,0.69,0
WST-0716,2026-03-21T13:27:00,Cafeteria Bin 2,EVT-001,apple cores,compost,0.99,0.45,0
WST-0717,2026-03-27T23:55:00,Compost AI Demo Bin,EVT-012,apple cores,compost,0.859,0.26,0
WST-0718,2026-04-06T22:47:00,Compost AI Demo Bin,EVT-012,apple cores,compost,0.621,0.33,0
WST-0719,2026-04-25T08:10:00,Event Cleanup,EVT-015,pizza crust,compost,0.703,0.18,0
WST-0720,2026-05-27T01:10:00,Cafeteria Bin 2,EVT-035,plastic wrapper,landfill,0.84,0.82,0
WST-0721,2026-05-28T03:20:00,Compost AI Demo Bin,EVT-011,apple cores,compost,0.889,0.09,0
WST-0722,2026-06-07T12:48:00,Compost AI Demo Bin,EVT-031,plastic wrapper,landfill,0.791,0.23,0
WST-0723,2026-04-16T10:51:00,Event Cleanup,EVT-037,milk carton,recycling,0.615,0.09,0
WST-0724,2026-06-05T00:05:00,Event Cleanup,EVT-006,unopened granola bar,unopened_food,0.975,0.18,0
WST-0725,2026-05-13T12:00:00,Cafeteria Bin 1,EVT-035,paper tray,compost,0.694,0.05,0
WST-0726,2026-05-07T14:34:00,Cafeteria Bin 1,EVT-008,apple cores,compost,0.711,0.37,0
WST-0727,2026-04-23T01:29:00,Cafeteria Bin 1,EVT-031,paper tray,compost,0.806,0.65,0
WST-0728,2026-04-07T14:17:00,Cafeteria Bin 1,EVT-015,paper tray,compost,0.59,0.66,0
WST-0729,2026-05-18T22:31:00,Event Cleanup,EVT-020,pizza crust,compost,0.714,0.54,0
WST-0730,2026-05-19T03:36:00,Compost AI Demo Bin,EVT-028,water bottle,recycling,0.699,0.44,0
WST-0731,2026-04-05T02:28:00,Cafeteria Bin 1,EVT-011,unopened granola bar,unopened_food,0.659,1.31,0
WST-0732,2026-05-09T18:34:00,Event Cleanup,EVT-022,paper tray,compost,0.682,0.05,0
WST-0733,2026-03-29T05:02:00,Cafeteria Bin 1,EVT-011,foil pouch,landfill,0.631,0.19,0
WST-0734,2026-03-23T23:19:00,Event Cleanup,EVT-028,salad leftovers,compost,0.674,0.17,1
WST-0735,2026-05-07T19:31:00,Cafeteria Bin 2,EVT-024,plastic wrapper,landfill,0.619,0.47,0
WST-0736,2026-06-04T08:40:00,Cafeteria Bin 1,EVT-006,unopened granola bar,unopened_food,0.843,0.25,0
WST-0737,2026-05-22T00:31:00,Compost AI Demo Bin,EVT-031,pizza crust,compost,0.737,1.3,0
WST-0738,2026-03-22T08:19:00,Cafeteria Bin 1,EVT-024,water bottle,recycling,0.98,0.82,0
WST-0739,2026-04-25T15:10:00,Cafeteria Bin 1,EVT-016,apple cores,compost,0.596,0.07,0
WST-0740,2026-03-29T22:25:00,Cafeteria Bin 2,EVT-035,water bottle,recycling,0.928,0.95,0
WST-0741,2026-06-06T02:45:00,Event Cleanup,EVT-006,foil pouch,landfill,0.823,0.35,0
WST-0742,2026-06-03T02:15:00,Cafeteria Bin 2,EVT-014,salad leftovers,compost,0.824,0.97,0
WST-0743,2026-04-07T19:45:00,Cafeteria Bin 2,EVT-031,water bottle,recycling,0.967,0.45,0
WST-0744,2026-03-24T17:19:00,Cafeteria Bin 1,EVT-024,apple cores,compost,0.739,0.69,0
WST-0745,2026-05-15T23:12:00,Event Cleanup,EVT-028,milk carton,recycling,0.77,0.3,1
WST-0746,2026-04-20T18:41:00,Cafeteria Bin 1,EVT-035,pizza crust,compost,0.847,0.42,0
WST-0747,2026-04-25T05:40:00,Event Cleanup,EVT-008,milk carton,recycling,0.752,0.56,0
WST-0748,2026-05-01T07:46:00,Cafeteria Bin 2,EVT-016,salad leftovers,compost,0.81,0.28,0
WST-0749,2026-05-16T10:04:00,Cafeteria Bin 2,EVT-008,pizza crust,compost,0.523,0.44,0
WST-0750,2026-05-28T05:45:00,Event Cleanup,EVT-008,plastic wrapper,landfill,0.766,0.1,0
WST-0751,2026-05-16T13:33:00,Cafeteria Bin 2,EVT-025,milk carton,recycling,0.89,0.58,0
WST-0752,2026-04-06T10:05:00,Cafeteria Bin 1,EVT-019,water bottle,recycling,0.871,0.19,0
WST-0753,2026-05-01T21:55:00,Compost AI Demo Bin,EVT-024,plastic wrapper,landfill,0.67,1.47,0
WST-0754,2026-03-27T20:20:00,Event Cleanup,EVT-028,unopened granola bar,unopened_food,0.732,0.24,0
WST-0755,2026-06-03T17:54:00,Cafeteria Bin 1,EVT-020,water bottle,recycling,0.818,0.61,0
WST-0756,2026-03-04T17:50:00,Compost AI Demo Bin,EVT-015,plastic wrapper,landfill,0.852,0.46,0
WST-0757,2026-03-13T09:48:00,Compost AI Demo Bin,EVT-015,unopened granola bar,unopened_food,0.899,1.23,0
WST-0758,2026-03-17T20:09:00,Cafeteria Bin 1,EVT-001,plastic wrapper,landfill,0.889,0.2,0
WST-0759,2026-04-12T01:57:00,Event Cleanup,EVT-019,salad leftovers,compost,0.786,0.49,0
WST-0760,2026-05-24T03:36:00,Event Cleanup,EVT-014,water bottle,recycling,0.903,0.19,0
WST-0761,2026-03-16T19:00:00,Cafeteria Bin 2,EVT-020,apple cores,compost,0.559,1.01,0
WST-0762,2026-05-02T05:48:00,Cafeteria Bin 1,EVT-008,foil pouch,landfill,0.883,0.09,0
WST-0763,2026-04-06T08:46:00,Compost AI Demo Bin,EVT-014,apple cores,compost,0.891,0.06,0
WST-0764,2026-05-12T03:39:00,Cafeteria Bin 1,EVT-033,plastic wrapper,landfill,0.454,0.25,1
WST-0765,2026-04-02T00:20:00,Cafeteria Bin 1,EVT-020,pizza crust,compost,0.918,0.22,0
WST-0766,2026-04-15T13:27:00,Event Cleanup,EVT-001,unopened granola bar,unopened_food,0.781,0.27,0
WST-0767,2026-05-02T07:06:00,Compost AI Demo Bin,EVT-012,paper tray,compost,0.99,0.21,0
WST-0768,2026-05-16T12:54:00,Compost AI Demo Bin,EVT-021,unopened granola bar,unopened_food,0.701,0.81,0
WST-0769,2026-03-29T13:26:00,Compost AI Demo Bin,EVT-008,apple cores,compost,0.834,0.22,0
WST-0770,2026-04-30T08:59:00,Cafeteria Bin 1,EVT-028,unopened granola bar,unopened_food,0.833,0.13,0
WST-0771,2026-05-09T00:03:00,Cafeteria Bin 2,EVT-011,apple cores,compost,0.648,0.05,0
WST-0772,2026-05-04T21:49:00,Cafeteria Bin 2,EVT-024,water bottle,recycling,0.865,0.64,0
WST-0773,2026-05-26T19:59:00,Event Cleanup,,milk carton,recycling,0.868,0.12,0
WST-0774,2026-03-28T19:49:00,Cafeteria Bin 2,EVT-024,unopened granola bar,unopened_food,0.562,0.35,0
WST-0775,2026-03-18T13:30:00,Event Cleanup,EVT-033,pizza crust,compost,0.644,0.09,0
WST-0776,2026-04-17T04:31:00,Compost AI Demo Bin,EVT-011,foil pouch,landfill,0.782,0.89,0
WST-0777,2026-05-11T01:45:00,Cafeteria Bin 2,EVT-019,water bottle,recycling,0.857,0.3,0
WST-0778,2026-04-21T16:02:00,Cafeteria Bin 1,EVT-006,pizza crust,compost,0.99,0.64,0
WST-0779,2026-05-22T18:53:00,Cafeteria Bin 1,EVT-025,salad leftovers,compost,0.632,0.14,0
WST-0780,2026-04-19T09:08:00,Cafeteria Bin 2,EVT-036,salad leftovers,compost,0.899,0.92,0
WST-0781,2026-05-18T07:30:00,Cafeteria Bin 1,EVT-020,water bottle,recycling,0.927,0.33,0
WST-0782,2026-04-16T04:37:00,Compost AI Demo Bin,EVT-008,salad leftovers,compost,0.848,0.35,0
WST-0783,2026-04-14T06:25:00,Cafeteria Bin 2,EVT-036,water bottle,recycling,0.731,0.08,0
WST-0784,2026-03-31T09:54:00,Cafeteria Bin 1,EVT-037,water bottle,recycling,0.876,0.09,0
WST-0785,2026-05-17T16:41:00,Event Cleanup,EVT-006,pizza crust,compost,0.69,0.48,0
WST-0786,2026-05-02T06:53:00,Compost AI Demo Bin,EVT-006,salad leftovers,compost,0.851,0.06,0
WST-0787,2026-05-15T21:01:00,Cafeteria Bin 1,EVT-014,apple cores,compost,0.479,0.99,1
WST-0788,2026-03-09T20:35:00,Event Cleanup,EVT-024,paper tray,compost,0.949,0.43,0
WST-0789,2026-04-13T19:37:00,Compost AI Demo Bin,EVT-006,paper tray,compost,0.618,0.46,0
WST-0790,2026-05-18T13:08:00,Cafeteria Bin 1,EVT-008,plastic wrapper,landfill,0.726,0.19,0
WST-0791,2026-06-07T23:27:00,Event Cleanup,,plastic wrapper,landfill,0.621,0.73,0
WST-0792,2026-04-21T18:28:00,Cafeteria Bin 1,EVT-008,salad leftovers,compost,0.759,0.5,0
WST-0793,2026-03-03T10:00:00,Cafeteria Bin 1,EVT-026,water bottle,recycling,0.732,0.41,0
WST-0794,2026-04-10T14:39:00,Event Cleanup,EVT-020,foil pouch,landfill,0.773,0.2,0
WST-0795,2026-05-31T05:30:00,Cafeteria Bin 1,EVT-019,apple cores,compost,0.99,0.94,0
WST-0796,2026-05-04T15:34:00,Compost AI Demo Bin,EVT-037,water bottle,recycling,0.979,0.48,0
WST-0797,2026-05-13T20:04:00,Cafeteria Bin 1,EVT-021,paper tray,compost,0.772,1.09,0
WST-0798,2026-03-24T07:54:00,Compost AI Demo Bin,EVT-025,salad leftovers,compost,0.742,1.24,0
WST-0799,2026-06-06T02:23:00,Cafeteria Bin 1,EVT-008,unopened granola bar,unopened_food,0.652,0.41,0
WST-0800,2026-05-08T11:19:00,Compost AI Demo Bin,EVT-007,unopened granola bar,unopened_food,0.736,0.9,0
WST-0801,2026-03-15T04:57:00,Compost AI Demo Bin,EVT-022,paper tray,compost,0.683,0.52,0
WST-0802,2026-05-28T05:27:00,Cafeteria Bin 1,EVT-007,foil pouch,landfill,0.733,0.05,0
WST-0803,2026-05-15T04:00:00,Cafeteria Bin 2,EVT-033,milk carton,recycling,0.879,0.11,0
WST-0804,2026-05-08T17:22:00,Event Cleanup,EVT-015,water bottle,recycling,0.545,0.24,0
WST-0805,2026-05-26T19:52:00,Cafeteria Bin 1,EVT-036,milk carton,recycling,0.427,1.14,1
WST-0806,2026-05-07T09:58:00,Cafeteria Bin 1,EVT-026,paper tray,compost,0.935,0.73,1
WST-0807,2026-05-11T11:25:00,Event Cleanup,EVT-020,salad leftovers,compost,0.598,0.54,0
WST-0808,2026-05-31T07:44:00,Cafeteria Bin 1,EVT-026,foil pouch,landfill,0.99,0.63,0
WST-0809,2026-03-28T15:33:00,Compost AI Demo Bin,EVT-020,unopened granola bar,unopened_food,0.99,0.79,0
WST-0810,2026-04-17T19:18:00,Compost AI Demo Bin,EVT-033,pizza crust,compost,0.88,0.61,0
WST-0811,2026-03-16T14:51:00,Event Cleanup,EVT-016,apple cores,compost,0.642,0.21,0
WST-0812,2026-03-13T09:14:00,Event Cleanup,,water bottle,recycling,0.865,0.55,0
WST-0813,2026-06-02T09:16:00,Cafeteria Bin 1,EVT-006,apple cores,compost,0.854,0.67,1
WST-0814,2026-03-20T08:08:00,Cafeteria Bin 1,EVT-008,salad leftovers,compost,0.99,0.51,0
WST-0815,2026-03-06T15:10:00,Compost AI Demo Bin,EVT-031,paper tray,compost,0.931,0.4,0
WST-0816,2026-03-21T06:01:00,Event Cleanup,EVT-012,paper tray,compost,0.585,0.18,0
WST-0817,2026-03-27T09:07:00,Event Cleanup,EVT-014,milk carton,recycling,0.676,0.2,0
WST-0818,2026-05-13T20:27:00,Cafeteria Bin 2,EVT-024,foil pouch,landfill,0.67,0.44,0
WST-0819,2026-05-22T20:21:00,Compost AI Demo Bin,EVT-026,pizza crust,compost,0.924,0.52,0
WST-0820,2026-04-22T13:55:00,Event Cleanup,EVT-016,plastic wrapper,landfill,0.703,0.66,0
WST-0821,2026-06-02T12:30:00,Compost AI Demo Bin,EVT-007,foil pouch,landfill,0.945,0.89,0
WST-0822,2026-05-25T16:31:00,Cafeteria Bin 1,EVT-008,plastic wrapper,landfill,0.604,0.5,0
WST-0823,2026-05-15T23:45:00,Cafeteria Bin 2,EVT-024,salad leftovers,compost,0.869,0.19,0
WST-0824,2026-05-28T16:54:00,Compost AI Demo Bin,EVT-035,apple cores,compost,0.682,0.63,0
WST-0825,2026-05-31T13:41:00,Cafeteria Bin 1,EVT-015,water bottle,recycling,0.561,0.97,0
WST-0826,2026-03-29T23:54:00,Cafeteria Bin 1,EVT-016,pizza crust,compost,0.866,0.22,0
WST-0827,2026-03-21T11:57:00,Compost AI Demo Bin,EVT-008,apple cores,compost,0.873,0.16,0
WST-0828,2026-03-26T03:23:00,Compost AI Demo Bin,EVT-019,apple cores,compost,0.99,0.58,0
WST-0829,2026-04-29T12:01:00,Cafeteria Bin 2,EVT-033,paper tray,compost,0.53,0.11,0
WST-0830,2026-03-20T15:17:00,Compost AI Demo Bin,EVT-035,apple cores,compost,0.966,0.32,0
WST-0831,2026-04-25T07:16:00,Event Cleanup,,foil pouch,landfill,0.897,0.27,0
WST-0832,2026-06-06T10:05:00,Cafeteria Bin 2,EVT-026,paper tray,compost,0.883,0.79,0
WST-0833,2026-03-21T19:26:00,Cafeteria Bin 1,EVT-026,foil pouch,landfill,0.878,0.39,0
WST-0834,2026-03-27T17:28:00,Cafeteria Bin 1,EVT-033,unopened granola bar,unopened_food,0.699,0.42,0
WST-0835,2026-03-18T05:43:00,Compost AI Demo Bin,EVT-008,paper tray,compost,0.758,0.05,0
WST-0836,2026-04-09T08:24:00,Cafeteria Bin 1,EVT-021,milk carton,recycling,0.882,0.72,0
WST-0837,2026-05-13T02:16:00,Event Cleanup,EVT-001,plastic wrapper,landfill,0.99,0.98,0
WST-0838,2026-04-23T09:18:00,Compost AI Demo Bin,EVT-028,unopened granola bar,unopened_food,0.99,0.53,0
WST-0839,2026-04-06T13:06:00,Compost AI Demo Bin,EVT-001,salad leftovers,compost,0.947,1.52,0
WST-0840,2026-03-06T23:16:00,Cafeteria Bin 2,EVT-011,milk carton,recycling,0.701,0.65,0
WST-0841,2026-03-14T10:55:00,Event Cleanup,EVT-008,apple cores,compost,0.556,0.36,0
WST-0842,2026-03-09T08:06:00,Event Cleanup,,milk carton,recycling,0.87,0.72,0
WST-0843,2026-03-29T03:11:00,Cafeteria Bin 2,EVT-028,foil pouch,landfill,0.922,0.41,0
WST-0844,2026-05-31T14:44:00,Compost AI Demo Bin,EVT-006,apple cores,compost,0.676,0.14,0
WST-0845,2026-04-11T09:46:00,Cafeteria Bin 1,EVT-022,paper tray,compost,0.99,0.43,0
WST-0846,2026-06-03T21:40:00,Cafeteria Bin 2,EVT-016,plastic wrapper,landfill,0.576,0.95,0
WST-0847,2026-05-23T03:53:00,Compost AI Demo Bin,EVT-014,milk carton,recycling,0.99,0.6,0
WST-0848,2026-03-29T11:25:00,Cafeteria Bin 2,EVT-026,unopened granola bar,unopened_food,0.616,0.68,0
WST-0849,2026-05-04T14:49:00,Cafeteria Bin 1,EVT-006,milk carton,recycling,0.639,0.91,0
WST-0850,2026-04-16T18:54:00,Cafeteria Bin 1,EVT-025,water bottle,recycling,0.856,1.34,0
WST-0851,2026-04-12T15:27:00,Cafeteria Bin 2,EVT-031,water bottle,recycling,0.917,0.15,1
WST-0852,2026-04-26T19:02:00,Compost AI Demo Bin,EVT-012,pizza crust,compost,0.99,0.53,0
WST-0853,2026-04-17T04:33:00,Compost AI Demo Bin,EVT-035,salad leftovers,compost,0.596,0.49,0
WST-0854,2026-04-26T00:22:00,Event Cleanup,EVT-019,salad leftovers,compost,0.902,0.28,0
WST-0855,2026-03-02T12:25:00,Cafeteria Bin 2,EVT-036,salad leftovers,compost,0.756,0.19,0
WST-0856,2026-04-21T18:08:00,Compost AI Demo Bin,EVT-016,salad leftovers,compost,0.756,0.13,1
WST-0857,2026-03-12T04:19:00,Cafeteria Bin 2,EVT-022,unopened granola bar,unopened_food,0.88,0.37,0
WST-0858,2026-05-23T05:54:00,Event Cleanup,EVT-007,water bottle,recycling,0.814,0.23,0
WST-0859,2026-04-21T08:24:00,Event Cleanup,EVT-011,paper tray,compost,0.821,0.83,0
WST-0860,2026-05-22T06:23:00,Event Cleanup,EVT-019,apple cores,compost,0.971,0.39,1
WST-0861,2026-03-12T16:28:00,Compost AI Demo Bin,EVT-026,salad leftovers,compost,0.697,0.36,1
WST-0862,2026-05-14T06:51:00,Compost AI Demo Bin,EVT-001,salad leftovers,compost,0.835,0.56,1
WST-0863,2026-05-15T11:25:00,Cafeteria Bin 2,EVT-037,unopened granola bar,unopened_food,0.747,0.2,0
WST-0864,2026-03-26T09:07:00,Event Cleanup,EVT-022,milk carton,recycling,0.674,0.21,0
WST-0865,2026-05-25T02:15:00,Compost AI Demo Bin,EVT-011,water bottle,recycling,0.701,0.33,0
WST-0866,2026-04-04T14:13:00,Cafeteria Bin 1,EVT-021,milk carton,recycling,0.508,0.28,0
WST-0867,2026-05-27T12:51:00,Cafeteria Bin 1,EVT-022,unopened granola bar,unopened_food,0.587,0.14,0
WST-0868,2026-04-25T11:26:00,Cafeteria Bin 2,EVT-028,milk carton,recycling,0.719,0.24,0
WST-0869,2026-05-26T08:55:00,Compost AI Demo Bin,EVT-008,milk carton,recycling,0.707,0.5,0
WST-0870,2026-03-01T03:39:00,Event Cleanup,EVT-001,water bottle,recycling,0.719,0.57,0
WST-0871,2026-06-01T15:06:00,Cafeteria Bin 1,EVT-036,pizza crust,compost,0.775,0.18,0
WST-0872,2026-03-06T18:57:00,Event Cleanup,EVT-025,water bottle,recycling,0.99,0.55,0
WST-0873,2026-06-07T10:18:00,Cafeteria Bin 1,EVT-028,foil pouch,landfill,0.809,2.5,0
WST-0874,2026-05-02T20:31:00,Cafeteria Bin 2,,paper tray,compost,0.552,0.8,0
WST-0875,2026-03-03T11:02:00,Cafeteria Bin 1,EVT-022,apple cores,compost,0.767,0.18,0
WST-0876,2026-03-16T09:08:00,Cafeteria Bin 1,EVT-020,water bottle,recycling,0.59,1.58,1
WST-0877,2026-04-06T00:51:00,Event Cleanup,EVT-008,plastic wrapper,landfill,0.91,0.29,0
WST-0878,2026-03-15T23:43:00,Cafeteria Bin 1,EVT-022,water bottle,recycling,0.909,0.33,0
WST-0879,2026-05-30T07:33:00,Event Cleanup,EVT-015,paper tray,compost,0.915,1.47,0
WST-0880,2026-05-24T14:44:00,Cafeteria Bin 1,EVT-015,water bottle,recycling,0.768,1.11,0
WST-0881,2026-03-31T02:20:00,Cafeteria Bin 1,EVT-011,milk carton,recycling,0.77,0.33,0
WST-0882,2026-04-23T00:45:00,Cafeteria Bin 2,EVT-015,paper tray,compost,0.949,1.35,0
WST-0883,2026-04-07T14:40:00,Compost AI Demo Bin,EVT-011,pizza crust,compost,0.736,0.54,0
WST-0884,2026-03-19T17:15:00,Cafeteria Bin 1,EVT-028,unopened granola bar,unopened_food,0.579,1.96,0
WST-0885,2026-03-25T13:32:00,Cafeteria Bin 2,EVT-008,salad leftovers,compost,0.755,0.05,0
WST-0886,2026-04-04T21:13:00,Event Cleanup,EVT-014,foil pouch,landfill,0.918,0.52,0
WST-0887,2026-03-23T13:16:00,Cafeteria Bin 1,EVT-014,salad leftovers,compost,0.604,0.17,0
WST-0888,2026-03-29T02:41:00,Event Cleanup,EVT-011,milk carton,recycling,0.666,0.25,1
WST-0889,2026-05-27T12:04:00,Compost AI Demo Bin,EVT-026,salad leftovers,compost,0.913,0.46,0
WST-0890,2026-04-20T12:05:00,Compost AI Demo Bin,EVT-001,pizza crust,compost,0.851,1.09,0
WST-0891,2026-04-06T19:36:00,Event Cleanup,EVT-008,pizza crust,compost,0.698,0.48,0
WST-0892,2026-03-31T17:06:00,Compost AI Demo Bin,EVT-012,unopened granola bar,unopened_food,0.645,0.26,0
WST-0893,2026-04-15T01:20:00,Compost AI Demo Bin,EVT-028,pizza crust,compost,0.857,0.22,0
WST-0894,2026-03-17T04:20:00,Cafeteria Bin 2,,salad leftovers,compost,0.672,0.18,0
WST-0895,2026-03-19T09:15:00,Compost AI Demo Bin,EVT-021,foil pouch,landfill,0.638,0.55,0
WST-0896,2026-03-13T06:21:00,Compost AI Demo Bin,EVT-035,unopened granola bar,unopened_food,0.84,0.23,0
WST-0897,2026-05-25T19:24:00,Event Cleanup,EVT-024,plastic wrapper,landfill,0.853,0.21,0
WST-0898,2026-04-02T10:56:00,Compost AI Demo Bin,EVT-035,foil pouch,landfill,0.738,0.16,0
WST-0899,2026-05-28T11:01:00,Cafeteria Bin 2,EVT-014,water bottle,recycling,0.673,0.4,0
WST-0900,2026-04-09T01:14:00,Cafeteria Bin 2,EVT-024,plastic wrapper,landfill,0.922,0.24,0
